x1,x2,x3,x4,x5,x6,y
-0.901380151149034,0.2464530060031932,-1.0,-0.8629484297817002,1.0,0.65757567337258,4.992377629147044
0.7000771934457957,-0.5215398089721316,0.30989526638164205,-0.769401241100107,-0.1508177256745491,-1.0,5.9736898768082884
-0.5324694155090555,-0.4724758073736156,-1.0,-0.024741886562178794,1.0,-0.5185135550315216,0.056290205227635004
1.0,-0.2466539346162162,0.9470032642227135,0.37576775904748483,1.0,0.8215881542152466,-5.807573555603645
-1.0,-0.4498586185202397,-0.12271303397583241,-1.0,1.0,1.0,4.796310787365118
0.31454798123109917,0.8724646229427828,0.5461220932546624,0.017048859898727287,-0.7408992852083115,0.8904628075370113,1.1590094803447843
-0.8197681407982937,0.6038228477844207,-1.0,0.36283228994450095,-1.0,-0.590792337351119,-2.126023956588403
-1.0,1.0,-0.6559754143657732,-1.0,-0.5863859639788932,0.27439483004336035,2.773641167282414
-0.316753938408725,-1.0,-0.28662349832174916,-1.0,-0.9593147654035077,-0.42777065974703626,4.44112935066379
0.61839391094175,-0.14664010385214754,0.46397729246412067,0.22627362851384597,0.24072624139018756,0.5786389735952242,0.6000184262594999
-0.4614765402476153,-0.24595846541632221,-0.4531832791420205,-0.3851123472463268,-0.3464888329104402,1.0,3.262491734775357
-0.9524111629058523,0.608311267072277,-1.0,-0.4139262310596328,1.0,0.4691733420328279,4.408704036181873
1.0,0.7270821862800118,0.8460593630294837,0.8420436208845793,-1.0,-0.8912070494932746,6.839893399883529
-1.0,-0.40171926114257084,-1.0,-1.0,-1.0,-0.7677466308923193,0.5660627423587485
-0.27560532604664567,-1.0,-0.01618584770776529,0.44602816823526636,-0.8889990971891785,-1.0,2.559399743988459
-0.29912025497007977,-0.4504557876026165,-0.03605958900739559,-1.0,-0.1515971724175974,-0.8867067786193913,2.5430384832907027
-0.8531294911088001,-1.0,0.7072082984299067,-0.5958928010293054,-0.6067121529247796,0.05716839647133143,0.9341037325081133
1.0,-0.16082025018093682,-0.35588393734642815,-0.7004398603097088,0.5717597323032748,1.0,0.8724169899570898
0.16049772380039018,0.17083614305041256,-1.0,0.6392618043891409,1.0,1.0,6.8741102452913525
0.2950138308728222,0.0724280947987812,-0.048631255573106325,-0.08226753368844575,1.0,0.8037091668079294,1.337450218272339
-0.17074778632125182,-0.9241076537231209,-0.7425692644729526,0.2907395194560728,-0.7537424784509353,-0.14489709830486652,-2.260195192021598
-0.4167951453591394,-0.5302964204937534,-1.0,-1.0,-0.4130193454618152,-1.0,4.3968399318235045
0.6218895904964236,0.9413505398006115,0.09827368651365109,0.24301233987077986,1.0,1.0,3.573292447637718
-0.9976257020563422,-1.0,-0.4176581334135643,-1.0,0.18908649418531975,-0.6432764060993736,0.5063683813901829
-0.7040682111467986,-1.0,-1.0,1.0,-0.8729323758481299,0.49315427654876365,-3.3136678845521303
-0.7865234863036052,-0.8741758591478698,-1.0,0.509067039131879,1.0,1.0,4.922673475324583
1.0,0.02904445070314393,1.0,1.0,0.832232677608891,0.7348215087796215,-5.7124899026820675
-0.12296418787170929,0.4425203438185771,-0.7246343379412284,-0.35677066563470167,0.47230429283746533,0.13859378039023973,0.7458296840259788
-1.0,-0.06736218027254248,-1.0,0.15741312517457684,0.5851985163945388,-0.4046763772077237,-0.3619514614999796
-1.0,-0.8293557338697716,-0.7893976465930288,-0.08544378961970156,0.05097505376926033,0.819668947000174,0.3885271799886111
-0.8787320033493466,-0.4326584702467587,1.0,0.44648005607439845,0.941441833635243,0.7118704168245819,-2.274869579391474
0.659264566951631,1.0,-0.4182398419399793,1.0,-0.6655671553317525,-0.22487461303408096,4.368634786850851
0.2915003905611406,-1.0,-0.25553407977195586,-0.5391666379556449,-0.35960309029952464,-1.0,4.356955815584625
-0.7858035179541731,1.0,0.012963155923938041,-0.40591359147735195,0.7633109566503682,0.1231860781016656,2.478669152463403
1.0,0.3651936884315756,0.19811183558517825,0.7002350036074929,-1.0,1.0,7.338538095520611
1.0,0.8887852564454577,0.5813846971751695,1.0,0.22932854655865545,-1.0,3.363772923191373
-0.6858609069800361,1.0,1.0,0.11805807350218145,-0.3475359921718017,0.24047222328822623,-3.077986602040609
-0.2480338203690131,-0.8610912465723445,0.19289673352378345,-0.5461906040537079,-0.17706423362415502,-0.806799742142992,4.25227662546636
-0.39432263149344904,0.7657725150553896,0.7648015405309436,-0.5373689647847603,-0.1378594038438228,0.2103159265422786,-0.6657026203973413
0.05862349948172246,-1.0,-0.669809920882861,0.48616761548076426,-1.0,-1.0,1.1592744615814219
-0.3107509003406739,-0.8053456336903557,0.061752416800933296,1.0,-0.20119201830029002,-1.0,1.821897812419258
0.8240876568475508,1.0,1.0,1.0,0.48608996702901985,0.39383115818549097,-6.356720709586489
1.0,1.0,0.8967412708828668,1.0,-0.4477685637748495,-0.6750990794107156,3.503264096253608
-1.0,-0.1660878971238765,-1.0,-1.0,-0.3189137054732094,-1.0,4.67556024770825
1.0,1.0,0.19055544012428194,0.12013139197110867,-0.5619697128802962,0.6338180821116233,2.38586939662761
-0.26110412214795764,0.6585204144937703,0.8080914624530985,-1.0,-1.0,-1.0,-0.7372746062347103
-0.8087586462168095,-0.3040432331335481,-1.0,-1.0,-0.7579008317644331,-0.592597480463789,0.03055051300028544
-0.47680901854528657,-0.896452756042557,-0.2056390540708941,-0.6448326886376055,0.24148744122247057,0.17471231607212878,-0.25262552304430735
0.8353688187955337,1.0,1.0,0.6863461555588832,-1.0,-0.8167964571300277,4.711467325931539
-0.6818199957503857,-0.03720141060487814,-1.0,-1.0,0.2116060293276837,0.9839566133236373,6.614668894302794
-0.12009444449047824,-1.0,-0.20121149167525307,-1.0,-0.14599031878447621,-0.2334514573333637,-0.40956950636493494
0.028257754285908293,0.6622533286893189,-1.0,-0.289284962634661,-1.0,-1.0,0.7558296191022975
-0.7878211774561927,-0.36429460340931996,0.2576912942176856,-0.20763427358574726,1.0,1.0,2.7449442410285894
0.5638121050827947,0.8662526122154065,0.6132602507312246,-0.8120847694462193,0.0759011023170324,-0.0070505611539143365,-0.9723220401656787
1.0,0.03116035421788288,0.854457312021718,0.9799603106687598,0.45113736034612795,1.0,-1.8578881958479763
-0.5162705509536835,-1.0,0.22748779264349517,-1.0,1.0,0.3715711699882879,0.91743988973372
1.0,1.0,1.0,1.0,0.4085854597069586,0.5159602764068274,-7.060739644400659
0.43984626968858864,0.23789755904255283,-1.0,-1.0,-0.6338957906191163,0.5433179930926599,2.437672391585836
-0.45776763157415046,0.6716964338382271,-0.5685174641921951,0.24058213033040524,1.0,1.0,7.768503551569429
0.25629458874305233,-0.7822344699651118,-1.0,-0.10103898747683349,1.0,1.0,3.22806401510132
-0.4900592278529817,-0.01250276036178205,0.37845096453647736,0.23017532232719273,0.5167429322672876,1.0,2.748367940723905
1.0,1.0,0.2383819694159066,0.3083209551064916,0.5111037069192568,-1.0,1.864480343316942
1.0,0.15375447940067533,1.0,0.5383588590568034,-0.06884890139540967,-0.4177132154687347,2.191783518610221
-0.8933517999707024,-0.03806265904938405,-0.9543686777501535,-0.8663800472827914,-1.0,-1.0,0.5932012614534503
-1.0,-0.634384716025153,0.09356584643588906,-1.0,-1.0,-0.7394215420603222,3.4943138341191755
-0.3132931703905621,-0.6330892954370524,0.6863894572795151,0.2613863247214393,-0.4177067388586746,-0.8133627204789902,2.824919983230803
-0.08357398288028553,0.0701599829247248,0.635899648918393,-0.037909241906995794,-0.6997048526346639,-0.017895603597942844,-0.30414165467734317
1.0,-0.09784275180182411,1.0,-0.06047639469722754,0.29027006709276004,0.4838580008174866,-1.5213248833832287
-0.5875343625444878,0.5453699950742427,0.025160706303919533,-0.2018541311565687,0.9302499733061764,1.0,6.07309771904125
-1.0,0.09851669452318434,-0.8652430941554805,-0.310250864998721,-1.0,0.6987819063926205,0.9709314282192523
0.5953604272486839,0.5495205114537695,1.0,1.0,0.24069934065799758,0.4351467883291801,-3.3048399205413284
0.6473621658391587,0.49436837398060574,-0.10172041014181209,-0.22905681807799583,-0.07642393862800573,1.0,4.220057134860459
-0.9706279109631799,-0.1052884385975259,-1.0,-0.8231799237963304,1.0,0.3625456330855603,-0.0004669187066734526
-0.7078767272812037,-0.18661704677473756,0.521739128516904,-0.016826184064694487,0.6158439978132351,-0.04791740733762839,1.342413623875548
-0.35933611309379326,0.41793514563311907,0.9651928025811738,0.4409730232844413,-0.340087382589751,-0.3187259063679936,-0.27328740221764947
0.18179894411598188,-0.5824287176255485,-1.0,0.3301792453767153,0.8465338686328376,0.3523397542195022,-0.4863793507029945
0.998793259236949,-0.026346182869618096,1.0,0.4006035338394782,-0.10194146371695148,0.31797931284292524,0.9301593122881804
0.2420547118618976,0.4837304335798611,0.3413258343725952,0.26271329086351175,0.3433100059493433,0.4274700699785027,-0.2800186069339796
-0.1546612063114787,-0.5348565651685784,0.33019993424720323,1.0,1.0,0.015555307035454158,-0.40506353440226484
-0.06368485409000124,-0.9725265592676127,-0.6483611764561639,-0.2426238562841303,0.11211077546744283,-0.10835873009559521,-1.590732163313685
0.8856034691055998,-0.06261729291970858,0.23144140590960666,0.07140929622839677,-0.3189293332344638,-0.10281674382490547,0.9680128144671107
-0.971797661952368,-0.991365454336582,-0.5844963497663866,-1.0,1.0,0.9115360025955226,0.42919681442787017
0.1483054036392002,1.0,0.9719677801579195,0.5308797045387907,0.8324369432589009,0.572785943209958,-4.582521916467729
1.0,0.8456019887765183,1.0,1.0,0.40238597456142666,-0.8602886639103686,-0.13927598667524133
0.06791925794896392,-1.0,-1.0,-0.807255384904827,0.7290432674848348,1.0,-1.4555937868564532
-0.561134306350125,-0.515656395653534,-1.0,0.25690785056554044,0.7840838639958048,0.8598618193785359,6.029977524534197
1.0,1.0,0.8616296834786088,1.0,1.0,1.0,-7.371089387327599
-1.0,-0.6098551690775909,-1.0,-0.9027111812233621,-0.14530170534283968,1.0,2.3702083674245427
-1.0,-0.7494423174651068,-0.7621296052784803,-0.9778369394298145,-1.0,-0.4272681208852399,0.9504561585535438
1.0,1.0,1.0,1.0,0.27818732435653315,1.0,-7.373087923044491
-1.0,-0.19162600282929643,-0.15136163334392583,-0.31030683850396795,1.0,1.0,5.516399898907674
-1.0,-0.7858928577462867,-1.0,-0.6013238062111455,1.0,1.0,4.107154049639361
-1.0,-0.6395330569833906,-1.0,-0.1501393684041521,-0.7889456081392869,-0.3546788310853848,-3.295533008026935
-0.9060635336436933,0.049645074465709094,-0.42413837402287013,-0.9735073602371049,1.0,0.02789258197467781,4.420449224190158
1.0,0.11154693094753843,-0.17736810430350672,0.48701462685321234,0.5931312202514472,1.0,1.3434368723742767
-1.0,-0.9676175887958363,-0.912884920639277,-0.5496217170801232,-0.4046397677007749,-0.6315992119527727,-1.107558798675841
-0.8528010518854252,-0.296217976212067,-0.4483952459496481,-1.0,-0.8229922791602842,-0.5507731007523395,0.012498905634255708
-0.5950387538626707,0.21850801698638583,1.0,-0.6886207802585934,1.0,1.0,0.49954043231789236
-1.0,-1.0,-0.011823397455077878,-1.0,1.0,0.6328660741130087,1.2312711067082611
-0.021671063314344652,0.6543567417459952,1.0,0.31142516644573276,-0.10172084956797067,1.0,-1.3470297709225318
-0.05103606480696998,-1.0,-1.0,-0.8627326972389107,-0.17462253931324567,1.0,1.6451340737167572
-0.8052700970533506,-0.9117483414222116,-0.7891432162175004,-0.37507714754166455,-0.5726995122556098,-0.4130573516668621,-2.052379988226558
-0.8010638056570227,-1.0,0.5709736632561108,-0.45646059422692903,-0.05084632568258929,0.43172096656197173,-0.7107433091528388
-0.36432809847549363,0.1721776910932904,0.8858438219623059,1.0,0.872994852883558,0.5871893026266259,-0.8701002853849324
0.8902336364854797,0.6321027301630674,0.1519057706955541,0.06133279021721777,-0.4153529639230402,-1.0,5.449935604312945
1.0,0.046522085949750824,0.3477870077700802,0.9565208476765579,0.8824951384971562,0.26009379832961854,-3.37057500828186
0.30080029491747395,-0.5333536718629421,-0.17177294239830565,-0.38993120074545623,-1.0,-1.0,4.183607916205723
1.0,0.30843192462966873,-0.631483437077649,0.8146960926186533,0.33530048285492253,1.0,2.1167441458660816
0.5678898414912028,1.0,1.0,0.04040526552948903,-1.0,0.5882741546992287,-1.6275504150336257
1.0,1.0,-0.15624267925813518,-0.20600789531284336,0.900154261258921,-0.27645257695391257,-1.9180277897567368
-0.16374233314039524,0.022190450413454688,-0.13159550828365474,-0.20435588124212478,0.17833152208322212,-1.0,2.0253386919882197
1.0,0.5456152315043703,0.625120922448637,1.0,-0.6560330036030956,0.4342054702878889,2.2576128221449707
-0.24144212924440012,-0.19048981068506654,0.6888044339768036,-0.1338348494971076,-0.0012457610990652679,-0.4502685016483938,1.725057617612865
-0.018505794628031924,-1.0,-1.0,-0.356085757549585,0.7485791471404262,0.014462067932108469,-1.6220465267815627
-0.38429484130488534,-0.10990793650063935,-0.7271133818749882,-1.0,-1.0,-0.020272531409802896,0.024939064095711713
-0.018741879376144355,0.85989155319137,0.1187878288439182,-0.6317057629716277,-0.564915668557427,0.7780925749670797,3.8028255268838604
1.0,1.0,1.0,0.3613892838305539,-1.0,-0.8338397417902788,4.232555177791486
1.0,-0.4217455888061705,1.0,0.4261295476929842,-1.0,-0.2223707157931285,7.648996193672372
0.9719787446583468,1.0,0.5453121571079544,-0.469442575321743,-0.12081285792867236,-0.0405623547962598,-0.6015123185969061
0.7920301909378386,1.0,0.6528824099885737,1.0,-1.0,-1.0,9.111330561986657
-0.3160110322983981,0.7734587271136826,-0.4709026315744492,-0.9075177024386123,-0.791723095638049,0.3109089708732947,2.4605646617493417
0.3736867299163325,-0.2158349164718018,1.0,-1.0,0.10673125326645638,-0.7811421334916745,1.8167685164678282
-0.24281331311623733,-1.0,-1.0,-1.0,0.3339060842188859,-0.5253337908916027,-2.041719484859963
-0.11816901978160185,0.2634559453348321,-0.0973983108201627,-0.8834544763731136,-0.3323020841271702,-1.0,-0.037115661300090697
0.38930355380190634,0.15173320247935776,-0.5404473991025305,-0.36576585658550886,-0.24958168159932537,-1.0,1.7593655419341045
-0.10381416325579046,-0.7484420175252461,-0.5064320334547243,-0.8092434224235059,0.44056878703289515,-0.5629564270102725,0.7567514539139323
-0.7959683110185556,-0.18169563859194082,-0.048891341703496405,-1.0,1.0,0.6858110422035795,6.030608552351381
-1.0,-1.0,-1.0,-0.1470362919452266,-0.1739406678048302,-0.17779241493415787,-3.600103359869728
0.26720400836674535,0.6689669844576285,-0.7423008361614752,1.0,-0.2569128483978165,0.9227761017928046,3.776111046535888
0.04125800410969771,0.6323684911084348,0.613428342828543,-0.30923324781178024,1.0,0.13592655802295084,0.44095648769984763
1.0,1.0,0.3786532082175198,1.0,0.07290584134570677,-0.9029828511327317,4.789379135907894
-0.6744559186740025,-1.0,0.46695067340476754,-0.5158116563389004,-0.7577150964424602,-1.0,4.664505895248864
-1.0,-0.9499814449279687,0.14467190958231202,-0.7158420983677849,-1.0,0.8362310708511461,-0.6190356689791053
0.5550779688166744,-0.4647926872507991,-0.22080561304050228,0.3013361415171371,-0.46967176921669895,-1.0,4.099853545597203
0.5018115321241942,1.0,-0.49233475120796955,-0.38947838508607807,-0.6525678616318044,-1.0,3.1043574011784734
0.38014833609808074,-0.06838159407963146,0.7637553788655882,-1.0,-0.6735441731363925,0.11207320895825346,0.32939623832836173
0.5332869565652163,-1.0,0.2989218380823816,-0.9863139877593886,1.0,1.0,-0.4797489874567086
-1.0,-1.0,1.0,-1.0,1.0,1.0,-4.0408813372396155
0.04530588778424971,0.6523557805745881,0.5227698619164958,1.0,-0.41226258942470845,0.6277186398958069,0.22579443960875023
0.36364957538337706,0.7011875099808205,1.0,-0.2779644004535647,0.7347636731974494,0.8061818768342498,-1.2772843740093207
-1.0,-0.7973665270155342,-0.2634037361423285,0.10192586345451365,1.0,1.0,6.236572795081321
-0.6012147190753879,1.0,0.4084228717404391,1.0,0.4595689209466338,-0.9873737756608769,0.984759054601557
0.9024437180920514,-0.5224500879130423,0.13783254792399552,1.0,-0.9319033014197314,-0.5620432162416937,6.1827166836732825
-0.12748467122525398,-0.8813550978137248,-1.0,-0.2575579276848283,-0.28625952231074936,-1.0,2.989676597716276
0.2749758433124495,1.0,0.019728637557680832,0.2873708194000389,0.37388211381500935,-0.31969024505358384,0.32650092840983724
-0.17737282697195433,-1.0,-0.7128335710636206,-1.0,-1.0,-0.7803392862130968,5.373575196781904
0.9572395310387394,1.0,0.7945435549246427,1.0,0.18855605708311068,1.0,-4.163364675524668
0.2406530069796352,0.3356878412984531,-1.0,-0.9750068068581887,-0.31834495091515624,0.2094850742697724,-0.7048984858547
-0.7096284794393399,-0.372342604817208,-0.20298292891434916,-0.30606415171301726,1.0,0.30145594167944934,1.1037358773315158
-1.0,0.12083618132422025,0.6218390601110262,-0.9578723370711945,-0.37042336460938896,-0.3945962518843351,-0.5779250904074803
0.3239850398173729,0.37442494713157815,1.0,0.6469124795396926,1.0,1.0,-1.3898010578087963
1.0,1.0,1.0,0.3887673234260408,1.0,0.6312020220153092,-6.776703786165226
-0.030039842749609247,0.8078429711080379,-0.4599655271992377,0.5238901237642302,-1.0,-0.6077465788215031,0.28195615856139034
-0.625978318871351,0.20215995775704187,0.1375534443658908,-0.9121839559983841,-0.9727319737431812,-1.0,0.2869179140465598
-1.0,0.016036086268630734,0.3167169413716222,0.18352137208866182,1.0,-0.09610327931745516,2.6123256526838268
0.5355091889424682,-1.0,-1.0,-0.11773819561003981,-1.0,-1.0,3.27315319582044
-1.0,-0.7694407822076517,-0.6886284409451975,-1.0,1.0,-0.7883964313918552,3.3157240173357816
1.0,1.0,1.0,0.7839974378637828,-1.0,-0.1104863177391614,4.5850592810942805
0.5310917398889978,1.0,-1.0,0.7786147487088623,0.09358906677716278,0.32063995348297947,1.7603777253053505
-0.0959213657518247,1.0,1.0,0.009108731430123695,-0.0963134300430818,-0.08632344411998216,-2.620803449739832
-1.0,-0.3150386318908597,0.3738796195804378,-1.0,1.0,0.9828997493459355,3.857110848391244
1.0,0.31177675831415486,1.0,0.7313369592165859,-1.0,-0.725285867486689,6.498198784779299
0.3723330805696866,-1.0,-1.0,0.6230809204363584,-1.0,-1.0,1.2446722313511351
-1.0,-0.35276397804247295,-0.7883635473865909,-0.3270809502311842,1.0,0.47386959002159657,0.30541960681602354
-0.28036814589549097,-0.13556268401738858,-0.480057908508001,-0.5475312152670878,0.16285941478583704,0.35398425664449307,0.0837119325844537
-1.0,-1.0,-1.0,-1.0,0.23702292320213528,-1.0,2.5550317162771883
-0.9852314829343554,-0.7364547625208737,-1.0,0.17954627381124783,-0.5051957255576314,1.0,3.694979972769678
1.0,0.6816473726292678,0.7214589851361022,0.11093917555920374,-1.0,-0.5898633157890294,4.590140976934228
-1.0,-0.2084228359218614,-0.7918781498336886,-1.0,0.06659584526110601,-0.4693436431983613,-0.38161371030427305
-0.5679503235104674,0.2642919441329981,0.7700786775340304,0.05313166448524226,0.17237195283148,1.0,0.9236455499984119
-0.8184193073715968,-0.6343310929583175,-0.9086603578441017,-0.031731899666710195,0.13815204403280684,-0.8624405370864103,2.9269780919430275
-0.1832159772571592,-0.5892856155343198,-0.8951462774089503,-0.8868104861728283,0.012815520917934142,0.9186379623421664,2.735262044698149
-0.14728108131473777,-0.32021282383025923,0.5932946082408912,-0.7330158613551145,1.0,-0.170608415434936,0.9903817182709587
-0.3027169472069524,-1.0,-1.0,-0.05124707891287583,-0.10864243206735069,-0.550733013136461,-2.2026822247961397
-0.20515864725863264,-0.1392563639622746,-0.11978083222489677,-1.0,0.3580881893705168,-0.1254071301377544,1.2273597265903855
-0.3729884491290532,-1.0,-0.09280387813165109,-0.012757774769519004,0.5831657781105654,-1.0,3.277634134129111
0.9815881730351173,-0.6373069737138488,1.0,0.8733585816989728,-1.0,0.22547858677394061,5.491425903710657
-0.9467979340989512,1.0,-0.23680838078698802,0.8770779023527964,-0.43140365808967807,-0.1409412968583854,-0.35853181961760167
0.008896430583524406,-0.4925284974232198,-1.0,0.08196516563776846,-0.8858477373659585,0.10270855497367737,-0.9960205110876772
0.6193397769792759,1.0,0.605149404218068,-0.39563966312740084,1.0,-0.4242610326872446,-0.5808430633395065
1.0,1.0,1.0,0.6755151116368225,1.0,1.0,-7.9150220413744075
0.344705065825863,-0.6846128425119237,1.0,0.26713855374064854,0.8080920895466737,0.7126833131261694,-3.0609789293327134
-1.0,-1.0,0.664474709326667,-0.10217877760275096,-0.24886814450694728,0.6629357728295016,-0.9066492389482734
-0.39078110312206016,0.2676686778764089,0.5777184254056215,1.0,0.694340483408448,-0.5403852959780135,1.0262289587566293
1.0,1.0,0.7485842039682682,0.48498122394010723,0.46805065622633096,-0.6576398494736598,-1.1628255247187762
0.6314832592683015,0.10963622222622868,1.0,0.8317185620516638,0.14376248384904228,-0.3527130626110112,-0.7782098412188299
0.39104744397580526,0.36284178510462506,-0.19787147317840692,0.02438999064497982,-0.4882672896202602,-1.0,2.8377780564539927
1.0,-0.15876721842909808,0.0695944711210554,0.47489584109376953,0.9198458016823752,0.9444034876814209,-0.26509938356491175
1.0,1.0,1.0,1.0,-0.9818049978308194,-0.07982469825512059,5.047680378560215
0.33534854013308646,0.15043396033540435,1.0,0.26633889071198635,0.29677467316684514,1.0,-2.316060991033905
1.0,1.0,0.5246236974847391,1.0,-1.0,-1.0,10.940895510663672
1.0,1.0,1.0,1.0,0.8732167897367891,-0.9919688293424305,-5.605415412830213
-0.7742779583727846,0.23588186105852055,-0.40206692202857175,0.7613366437432464,-0.5924975444359715,-1.0,2.079915963395841
0.9402217594903794,1.0,0.17837355489579598,0.03229620947892131,0.07900998419037297,-1.0,2.289532204419739
0.11747702463959342,1.0,-0.42528419327642547,0.4055135631204718,-0.26248549941550503,0.4492384166929022,2.291122059339662
-0.4693880500272764,0.45564627284557013,1.0,-1.0,-0.4550325928894278,0.3982092794937179,-2.4260766314137854
1.0,0.1322451081742635,1.0,0.21001291988292053,-1.0,-1.0,8.098396972185043
1.0,0.04486180323217015,1.0,1.0,-0.15327143080081562,0.1177804770101778,-0.416605816457311
0.5813436150934589,1.0,0.4665644070580064,0.7702303600422262,-0.4664946352683942,1.0,1.4321086836057075
-0.26533572740071965,-0.21134621763599426,-0.6428770849927266,-0.09918978696657607,0.10739834924709701,-1.0,2.3075082124700037
1.0,0.09756161547646891,0.20512514331410214,0.4391326452405424,0.10443954437071301,0.3280395749350564,-0.20936179277594172
0.08188794910792285,0.6410702308667086,0.6425059580420182,-0.17702769107009853,-0.24295210712042364,0.07618355052256359,-0.44730787263851235
0.26398788428350684,1.0,0.48340944671849884,0.0802651726903012,0.9560249091105477,-1.0,-0.37567325252492595
-0.717380878704596,0.2347235211195628,-0.84932700497262,0.5815789994503112,-0.2978536751519857,-0.1605978646775421,-0.6665031838857105
-0.2979967312505105,-0.25602355884865924,-0.5304555236691957,-0.5485014445977254,-0.21408445277282173,-1.0,2.3708823420365324
-0.5574512746041597,0.6859560209430275,0.5833404278076764,0.058194177251798374,-0.5997833923464457,-0.41640647203754466,-0.3371639439685318
0.8727928121675045,0.19465810270043843,0.6562795111647794,-0.8328800417414224,0.9428627884714157,0.055866682483463714,-2.534153448376097
-1.0,-0.774719586560191,-1.0,-0.5022998922436099,0.3147160397036518,1.0,3.8826554291277535
0.059674433860031906,0.5934832123519748,0.5160803510966001,0.37638947864726485,0.817696279298687,0.804223182514797,1.0708186462183367
-0.12947047518159083,0.8034037255264534,-1.0,-0.12692954005944915,0.731913483047852,1.0,10.349223574503624
0.959651480926958,-0.5963484045925869,1.0,0.8926359968263513,0.9720293762398019,0.1327530739390224,-4.880987559573885
-1.0,0.4084240244373524,-1.0,-0.2295627659013756,1.0,0.6271256281553025,4.382084052878731
0.4348791545101154,0.532229117949117,0.08316803642041282,1.0,1.0,-0.3216216758572441,0.2183129083869208
0.9531595738021656,0.48604293001714605,0.9968070890984324,1.0,0.6454054515262649,-0.6772250932163533,-1.7104268306694683
-0.27754985165516066,-0.3160560149557796,-0.21380597719502828,-0.6098021987635336,-0.47994608713016773,0.2042635773326441,0.166550624877649
-0.5545941231957332,-1.0,-1.0,-1.0,-0.1363125162844403,-0.1319652802121833,-4.324251881033264
-0.3399695397349099,0.6819124782082606,0.05217063983410622,-0.4211985631480689,0.20898548649675058,-0.5714932551501284,0.8691213064989162
0.13985638508998688,-0.5221100440118854,0.1726499048558735,-0.5300819999501019,-1.0,-1.0,5.332225510679039
0.032663124493671536,0.7799944750309166,1.0,0.40271266871761074,-1.0,-0.6618102048053529,-1.4906077497196673
-0.4034529204321252,-0.4582420945614134,-0.4072519681770934,-1.0,0.7699181423296282,-0.10240232386434696,1.5319919796877282
0.7354538219142648,1.0,0.5384126166482948,1.0,0.9016890035983901,7.874425629417203e-05,-3.2636551734533334
-0.4260550014624672,-0.3717023475691845,1.0,-0.16946047028782874,-1.0,0.37199586901561854,-2.510317569184842
-0.2366726493062174,1.0,0.9968288928527466,0.5781898056674064,-0.06940963567725289,-0.24490021716395516,-2.4031909321441955
-0.44510609230279796,-1.0,0.3466803882502293,-1.0,-1.0,-0.965592497763383,9.300538058495295
0.8619470091615755,1.0,0.3661989557547656,1.0,0.7593984583099368,0.9498441191231551,-2.346420897700837
1.0,0.34839070886055246,0.34473357418224837,0.2555581230548156,1.0,0.6322785755130435,-2.2395551619541494
0.957118725283467,0.30093455624106946,0.3407739535794242,1.0,0.1647689175018312,0.8204876109262436,0.12754530632264166
-0.9101828843391084,-0.2765437619234954,-1.0,0.1132330778188923,1.0,0.24969532088163016,-0.9911524798096238
-0.5957717209804969,-1.0,-1.0,-0.17534465755841944,0.8008739063364152,0.2068879383666781,-2.732139315901222
-0.8304473443719725,0.21117987487103151,-0.601783539033279,-0.36073982238853863,-0.7723868258375984,-1.0,0.356989740298252
-0.6258499749582762,-0.029723063494818847,1.0,-0.4160826133200245,-0.9824344160163978,-1.0,-0.9237407091357533
0.4433863666204815,1.0,-0.026290248167020636,-0.6038348938014226,-1.0,-1.0,3.9040008294828206
-1.0,-0.5011879350533648,-1.0,0.49922990617187396,-0.23160134493896356,-0.5421880626985455,-1.503147414918136
0.061380961141613066,-0.5626245770536598,-0.13355549994998417,-0.12941759657215657,1.0,0.9471336939802897,1.8997983841773047
0.01107600239064399,0.040208230173009465,-0.693633175982409,-0.9997725334884895,1.0,0.48200858712789896,2.483950011122921
-1.0,-1.0,0.04512972731103737,-0.4313365182027701,0.87451847428679,0.38551166927476166,1.392167862468841
-1.0,-1.0,-0.514052362053842,-0.8438527213636382,-1.0,0.002622790002097114,-1.5306147348126502
-1.0,-1.0,0.48345514273950757,-0.5817965283629456,-0.8663765270478563,-1.0,3.9937885603476886
1.0,0.08525447457539037,0.9698393707643114,-1.0,-0.9876235185489879,-1.0,7.533179111678164
-1.0,-0.6691261188254474,-0.5158126191672558,-0.031218978547295162,-0.18644176629359355,0.666615599868982,-0.7948553530849394
0.5017206277678026,0.3909433938347473,1.0,1.0,-0.6481264778746079,-0.7186770098369211,2.334886045710625
-1.0,-0.346880378510696,-1.0,-0.017495570980868957,-0.9342322624811461,-1.0,2.009413836369908
0.4175238334337075,-0.4773303331314401,-0.4754382772170956,-1.0,-0.04763855004951467,-0.23271771701143762,0.9401438670664484
-0.05464798423418715,-0.30406787916138356,-0.24373585688201094,-0.28368400491096857,0.8190481264344877,0.213065244307382,1.7519718177731072
-0.8194243066546187,-1.0,0.07079297905560378,-0.5199747443727878,0.9067628915924816,1.0,2.157268946753087
-0.06467632927464684,-0.40153615514120244,0.8680460546577766,0.6106566469265747,-0.08327317774675158,0.550166475628164,-1.2343770457225665
1.0,1.0,0.34218863455277515,1.0,-0.9293018242163481,1.0,7.2123715355579066
-0.35781208595018077,-1.0,0.6032138481983957,-0.04148522573313013,-1.0,-1.0,4.691428283823227
-0.3988854608720316,0.4808121553297973,-0.8207209152902625,-0.42626758836599743,0.6202863980329592,0.5567594808034986,3.576060296736552
-1.0,-0.7707837701706974,-1.0,-1.0,-0.8153690654869422,-0.8713826340758661,2.8464555434201366
0.9794759631173768,1.0,0.9698692571019061,0.5225271301291868,-0.8486908036742092,-0.7178416876041053,3.577843067856732
-0.07402272091587192,-0.2963869791692869,-0.5368428917586827,-0.427652476127119,-1.0,-1.0,1.4491158641796045
0.8655534831344966,1.0,1.0,0.9720212381016007,-0.2895218555953145,-0.20349103319493134,0.9976716495807596
0.5892211867511125,-0.4169738354035164,0.7240542058851165,-0.2836161393516241,-0.2970691032681819,-0.12864954134170203,1.0498371173546743
1.0,1.0,1.0,1.0,0.3906565303003,-0.31744351730603027,-2.9256603769148763
0.10856422441468616,-0.2991074715632759,-0.8832726748703159,-1.0,-0.20224337299432066,-0.5534652242161211,-1.0008611910251475
-0.03840624305646512,-0.535388949821044,-0.3608350560721278,0.5933690482861291,0.6017094487445138,1.0,4.170425434364134
-1.0,0.2663149688102457,-0.25181364634098735,-1.0,-1.0,-0.19642708414914223,-0.4076385303723953
0.5086553819549495,0.10069080472255543,0.47252760234723135,1.0,1.0,0.7499211631839555,-0.43025413981281996
-0.10206664231994389,1.0,1.0,0.5733825239637165,-0.23797235230432923,-1.0,0.4458284181255351
-0.44601534511657187,-0.8071597230204147,-0.20265646989616215,-0.270207805083858,-1.0,-0.8539631052709464,1.750117446690012
-1.0,0.5462342823270626,-1.0,-1.0,0.592054972302579,-0.0008447634309250995,0.04167347380368985
0.2787764212575009,1.0,0.8509751952740311,0.8197925945210625,-0.25272176559420934,0.9121287450360823,-3.0111029142472105
-0.9706323362325464,-1.0,-0.18207094756790432,-0.8309014582573855,0.0923824443729585,0.8399740711798764,-2.828247332661148
-0.32963371286177656,-0.4941310172741936,0.288530943908495,-1.0,-0.8530452918691694,-0.10658458475559418,1.715416171480518
-0.9507696750808874,-1.0,0.2729870601565617,-0.9507316286636587,0.2910568768041757,1.0,-2.3972503720062273
-0.07508865200693948,0.27834368186131464,-1.0,-0.784672387055583,0.6505621027217834,1.0,7.81998486847784
-0.8861892921731712,0.17762740094557106,0.6707744371794825,-0.5106973856895363,-1.0,-0.1667578383702758,-2.4326206918411537
-1.0,-1.0,-0.0920312734425226,0.5416176516090291,-0.0059036259440931604,-0.14601735853773457,0.7140835216925854
-0.5948767257719042,-0.1275803114966052,-1.0,-0.09547939866294403,0.38387645938199433,0.25832221106874603,1.1378472586974597
-1.0,-0.14661780698571797,0.02540252619087302,-1.0,-0.8197288423944952,-0.3097082830680786,0.1489026674441822
0.3202985548290389,0.20707757963745735,0.6447759599133077,0.5417665733151563,0.06467845383052562,1.0,0.48937827664297734
0.27343709459905974,-1.0,-0.3829510053641765,-1.0,-0.6274461604628072,0.6187580748526033,2.494876264315288
0.3328642353806901,0.7031426929504505,-0.8694987922041014,-0.6503190226471897,-1.0,-0.6151083128100052,1.8343332590741825
0.6218905933946315,0.10485807396488522,0.5374705022989983,1.0,0.3155736131509024,-1.0,3.666319429249275
0.13167975312593905,0.4575313165118082,1.0,-1.0,-1.0,-1.0,-1.815217871054579
-1.0,-1.0,-0.4561110730437146,-0.1365821374559587,0.8617486746366811,1.0,3.828695450075653
-0.8181378644210733,-0.5245813443864513,-1.0,-1.0,1.0,0.9369911755997087,4.712813749776742
-0.14314614776368084,0.8282881894423164,-1.0,-0.4534624416281807,0.21325274613657763,1.0,11.104697307115966
0.6166896397793447,-0.6490955764449818,-0.8733183331845469,-0.5745546315227055,0.5305100952380748,-0.5438415117684781,-0.40476579784178124
1.0,0.3091168071145382,1.0,1.0,-1.0,-0.5649091986000518,6.090679268474699
1.0,1.0,1.0,0.3597762646985889,0.7024753595655345,0.12725460788145992,-5.373498553895214
1.0,1.0,1.0,1.0,-0.08506090013653855,-1.0,2.711914342337467
0.21243567734605873,1.0,1.0,1.0,-0.2768025028630866,-0.09616203858914334,-3.804431160136304
1.0,0.1964432501078202,0.3014287179273436,0.025809125343256578,1.0,0.3655977639024379,-2.7899043224967044
-0.6022673699072907,-0.2372396389183185,-0.362332620747846,-1.0,-0.18646799492917523,0.03682224875549935,0.1802846197907929
0.5747352794677076,-0.06434782279748319,1.0,0.32399290358281885,-1.0,-0.059882924973618024,2.616352044644977
0.13777340430966467,0.45352002535138436,-0.8048309972755312,1.0,0.7681330122678068,0.9498974427591852,4.210760223785576
-0.5695274039678486,-1.0,-0.5258640644171846,-0.10129096542112276,-1.0,-1.0,-0.2495389101948443
-0.027025497597025883,-0.36242442640057115,-1.0,0.0763157240281841,-1.0,-0.6831670051293872,-0.47897047776203133
0.35119218667317015,1.0,1.0,0.6085800701227218,-0.05155553275892799,-1.0,0.38062071921008167
1.0,0.6881505506478602,-0.1349336095267903,0.34224548336645033,-0.7150378504044432,-1.0,7.253834924193614
0.2879936910574157,1.0,-0.04343650118938858,0.18004708691775395,0.32524294269253506,1.0,4.356861563838218
0.17242454330920776,-0.7921561264717711,0.17710943650884708,-1.0,1.0,1.0,1.9431948533010512
-0.02883758484807203,1.0,0.5156047616764673,0.49016365042073734,1.0,1.0,3.2988793023841216
-0.6488834015637421,-0.4839286451421443,-1.0,-0.47142956919526613,-0.35285638839146105,-0.5005269638856282,-0.13142672203657724
1.0,1.0,0.2817971245226537,0.19531861295790642,1.0,-1.0,-0.5105113645639896
-0.5749860900951096,1.0,0.16504428821166145,0.9894406951236185,0.14880284983197695,-1.0,1.5224339358546504
1.0,0.8067613626749925,0.06716977858052076,1.0,0.7498364045392552,0.5748474477121215,-2.383233357813113
1.0,0.9937262705267922,0.7227891756326422,-0.38873661044980345,-0.6728113635618447,-0.2804591443746256,0.9885765026661999
-0.288451184411111,0.16934165076142998,0.5778955099288217,0.036623924747359815,-1.0,-1.0,0.608331431035882
1.0,0.8850584220114069,0.07430652620154163,0.922401715874836,0.012882500742955494,-1.0,6.076495586853638
-0.032848462572071746,-1.0,-0.03344932541165102,-0.754537470584423,1.0,0.546636264937911,-0.12775818845497067
1.0,1.0,1.0,-0.2698057470247309,-0.03700281913790765,-0.2724428642312449,-2.2205830610058808
0.27221349470185385,0.48048762091073566,-0.014477088534500249,0.660425385078115,0.03774695924873386,-0.1935037286370503,0.8579947515999465
-0.3202056178092948,0.6423373639551524,0.4356718692716265,0.500210092178881,-0.7519740111617785,-0.8106101595409718,2.0845055912472596
0.55539693828103,1.0,-0.16467458610567998,-0.5101681777621251,-0.41011249865226007,-1.0,2.6495454541664927
1.0,0.7971205358695004,-0.26381605874153746,1.0,0.19782561233045873,1.0,3.4241020536048112
0.39901004497860487,0.8517314584290612,0.6934653723083565,0.16518001150953038,0.35908611416761427,0.41976973447042343,-1.6841896058834303
0.007680279115384714,-0.05108483563596147,0.7680428323062087,0.37977925074683866,1.0,1.0,1.818071983502672
-0.5041464397828962,0.9313470936595685,-0.5482121213466724,-0.30584326211446644,-0.4835704955627118,0.4291127848016181,3.1027896449991714
-1.0,0.04283184135428353,-0.9442879776037141,0.5283045500438275,0.9243597763681203,-0.37403830684390105,-0.5689418176361686
-0.6387922401856458,0.6422479911070622,-0.7071936883567285,0.6846807479899217,-0.35889016913588045,-0.7813709798093849,1.2240919214110186
0.04677377904576985,0.8712723209967113,0.4858796234392557,1.0,1.0,1.0,1.3061538556330332
0.11454542087198827,-0.06583748835543946,0.14513966719541327,-0.27078149770044535,-1.0,0.16598297083316316,0.4366736358649874
0.5411663979561583,1.0,0.01739556721894875,0.7857902973078024,0.27855096655537537,0.5627793212707148,0.5323145102872813
-0.40917608392773924,-0.8904880520467399,0.8406226761773128,0.6032157679070226,-0.2003974019694003,-0.17468440789595296,1.4139091469140819
-0.8030606376711328,1.0,-0.6137729209115715,-0.24830044923981737,-0.4563500524952633,0.6408194712205695,3.4396517669745275
-0.7889769343840618,-1.0,-0.04028661861042637,-1.0,-1.0,-1.0,6.705880000665883
1.0,1.0,0.4390880103007637,0.43988918960173784,1.0,-0.671935213729474,-1.587124620726986
0.00451706843759625,-0.28364755915067374,-0.854918360552225,-0.9264201020912897,-1.0,-0.6449062696486922,1.556038413220239
-0.35174776118752915,-0.25260318577281116,0.25821459693328896,0.3436218588242656,0.3207780159210789,0.852417093884237,0.8289805464970184
-0.3782611609877413,-1.0,0.7129778271045382,-0.7662665121678857,-0.043510322497561815,1.0,-0.4591263877503444
-0.9451357103003988,-1.0,-1.0,-0.21611999287806472,1.0,-0.7819047067708408,0.014184263218960685
-1.0,-1.0,-1.0,-1.0,-0.17956637325369465,-0.0021388878418393265,-6.929676866996817
-1.0,-1.0,0.23550644684167774,-0.3897917947853535,0.17783315155367863,-0.051917155331461184,0.9222908994224138
-0.06613547925617902,-0.5690235584692005,-0.4060252991647684,-0.03363573596847447,-0.7036356896620799,-1.0,2.7721066654039803
-0.6139002263377029,-1.0,-0.024333759042749703,-1.0,-0.2010214615633663,0.2679385630079087,-1.7657879640193155
-0.7001212483838963,-0.532111168680371,-1.0,-0.0601394663532111,1.0,1.0,7.865753417191142
-1.0,-0.22836610177807493,-0.030445407523641443,-0.9217897064278673,1.0,1.0,5.744625277832087
-0.5907586484574662,-1.0,-1.0,-0.8821336218193961,-0.29390115389547644,-1.0,3.4013489275209747
0.027368229140704248,1.0,0.44900907703285076,1.0,0.8667995063697027,1.0,0.5989934617553139
1.0,-0.10629071192547634,0.47197945253338547,0.05824958115643031,0.9776890288467635,1.0,-1.7567266791307037
-0.8530094886761936,0.219153756587673,1.0,1.0,-0.9128036776544275,-1.0,-0.21556485946425177
-1.0,-0.12068126212625585,-1.0,-0.4238793349790082,0.9558919841898563,1.0,7.678618380731322
-0.7672149351310297,-1.0,-1.0,-1.0,0.08395620794074232,1.0,-1.5814819089708065
1.0,0.9912540491598751,1.0,1.0,0.7439396596605221,1.0,-9.520746862923426
0.8671066440910273,0.640994837596836,-0.3289093666641767,0.5729798128512946,1.0,0.4440550691925712,-1.0875968714002455
1.0,0.32661064383665783,0.22129814512134455,0.9676343636343729,-0.03576300914886221,-0.5128354070755125,2.0567029147928846
-0.11437467729774464,1.0,0.6939860168806501,0.9768423567261894,0.28278388915231895,0.6746941897399714,-3.948569331208189
0.2873489001393079,0.7362641491721802,-0.8064437444005006,1.0,1.0,-0.7364883784861035,-1.3173419779290318
0.18017967470263552,-0.22258350982842345,-0.4066024622005935,-0.5280693573698552,-1.0,-1.0,2.489328316643291
0.17888900050202777,-0.4258365115607712,0.9424562072547897,0.11835439491987287,-1.0,-0.2938408579618912,0.7860565471281467
-0.14838529433640768,0.0011101083809329504,-0.4637103638389053,0.634868742132696,0.2631885642673524,0.012035684938122071,1.0455447149829116
-0.20853199306788506,-1.0,-0.08019814361496813,1.0,0.32390511159330326,1.0,3.8509072092739136
-0.6257697788057652,-0.30715482923463444,1.0,0.9714378733486418,1.0,-0.20846525028657503,-0.17750474898169444
-1.0,-1.0,-0.4481803111753708,0.2715622703156392,1.0,0.4007464209767819,0.7915950064967294
1.0,0.28080086133014626,0.8093616103369499,0.8018185988074022,0.3914235625012382,1.0,-2.7710998967812426
0.4413133240450058,0.41885758646733273,0.09615644985591398,0.7939499488619742,0.9951370368330767,0.33687554374732775,-0.8421050492052342
-0.12990821678746334,0.41384968475421413,0.3335145186823244,-0.1655021007132612,1.0,0.5363389180595008,0.9049793208513519
0.47498217092081635,0.7707977601280258,-0.7193552587266953,0.3755888570712928,1.0,-0.3590109761109226,-0.13798997679375014
0.6680517522231533,-1.0,0.9709099674596984,0.18707081380126223,1.0,-0.011635369627579606,-0.6270703635351065
-0.2602659897145171,0.4653142098137548,-0.01115528937610999,-0.35516939739201314,0.10806284937669108,-0.17805584184546086,0.8950683917000015
1.0,1.0,0.48304711500020825,1.0,-0.33908008395389266,0.2994170457276273,0.40408483043461485
1.0,0.4464450457644568,1.0,-1.0,1.0,-0.3759575541794055,-2.9794037825741677
0.3957951824034145,1.0,0.16019596114596296,1.0,0.7197148757739704,-1.0,0.32095706497437937
0.5279688924559881,1.0,-0.23208148518241029,0.4565652301262936,1.0,1.0,4.1287257669505735
1.0,1.0,1.0,0.09528143712839299,-1.0,-0.9386524695113991,3.125207579238421
0.3204120496053554,0.5786779007390455,-0.4466051018179251,-0.643060407534802,-1.0,-1.0,1.7374219738122374
1.0,0.5946852266022538,-0.3755771275896603,1.0,0.3774318226033395,0.02513125499261548,-0.025828936743579667
1.0,0.250052415390142,0.5003759668742831,0.293805036497074,1.0,0.8457122135768183,-2.0081764997773432
1.0,-0.17078350626999234,0.5386193729120499,0.8852635054431396,0.9544939730790474,-0.9829755829440447,-0.5824043125993017
0.19561691414079463,0.2974384973491253,1.0,-0.20932101389743418,-0.7898565141640954,-0.015500176746286454,0.07231256559134219
1.0,0.3336913359306497,1.0,1.0,-0.1595188786279309,0.2433289018556315,-0.1806645160239596
-0.2499257181910799,-0.8707165867772497,-0.04231230875662462,-0.02091956121228189,-0.8073244630794261,-0.39175831428359675,0.360157804977579
1.0,0.8254870664423477,0.7776773455016024,0.26937101657915574,-0.6695837966808951,-0.7326913012440928,3.108528663694867
1.0,1.0,0.43437958067059523,-0.14866515446626327,-0.5860994615727668,-0.16668188039516862,0.4483545860880904
0.3705346223760273,1.0,1.0,0.1571254376540976,1.0,0.5844571816145774,-2.293463398374167
0.44500603020808077,-0.28497509937096643,-0.9849872596665041,-1.0,-0.01492609634732256,-1.0,2.1844797106785254
0.4911058839683727,-1.0,0.2956433089197792,0.3622535333978763,-1.0,0.8234591529917474,5.270544068744867
-0.423229921793439,-0.12289206441009481,0.9257683730223576,0.28258348630314034,-1.0,0.15340628347184582,-2.4711590866854016
0.18150920184052732,0.2005907986205553,0.7221208586001385,0.8076890018796957,-0.9918570732131735,0.06571113307657192,0.7251191881006078
-1.0,-1.0,0.15591677217477462,0.035496071441510076,0.582589280359789,0.33242199878235584,2.493783892501471
-0.40251963942121716,0.2593397664727909,-0.12115274247803395,0.261375547282351,-0.49528069145205345,-1.0,1.3272300505408516
-0.6446610445252416,-1.0,-0.2098924907170857,0.8783321005469655,1.0,0.18486447942354622,0.10160866518903555
1.0,0.7020670065054682,-1.0,0.9033810996111482,0.8526194547399659,-0.057980976566978926,-3.1952642555848296
-0.316300786125866,-1.0,-0.3564303136303153,-0.43366141486401,-0.38592434897471584,-1.0,3.234306842981765
-0.0312085511644849,1.0,0.015766385711572878,-0.8841024129287169,-0.8692586881539363,-0.6696023890221523,1.3832366551100006
-0.24958411605976344,-0.61843590669338,-0.29382903733216714,-1.0,1.0,1.0,3.4589011006058157
-1.0,-0.13015697967752304,-1.0,-0.46724365172840177,0.005712042202634271,-0.6420217825419786,2.0496170694276445
-1.0,-0.7966969685227652,0.7330780041911635,0.1884645664502381,0.5156682683448977,0.6317553264329125,0.6509501600586141
0.6323530891540982,0.5072314607048488,0.6559742389332348,-0.6817167075736512,-0.5151649595969916,-0.31487668265485735,1.3885910450392207
1.0,0.3141002232463085,-0.5078139396774027,0.00865970964190299,-1.0,-0.956171660975037,5.160615502798067
1.0,-1.0,0.8175923722384005,0.3247658283246649,-1.0,-0.06187179620813171,8.926122086655367
0.2524385610120171,0.48338849659686495,-0.4237765173039161,0.4624746975178923,0.1817968395106795,0.3177257035225124,0.5567430222145664
-1.0,0.41922628441530974,-0.5889967106511591,-0.6149338552074566,0.08068660444348552,-0.03782232458793555,-0.11705437896708357
0.09570376006689679,-0.9271685882205006,0.02350921425433644,0.9639108465678545,-1.0,-1.0,6.456457175847115
1.0,-0.2844177739320779,0.3826392786309306,0.7838954914266555,-0.8322559662398262,-0.39746247273042434,4.342619198359362
0.10324442589253224,1.0,0.4138749374977494,0.06489096872145916,-0.6942739866510795,0.35435686769920205,0.04887538275602249
-0.7436629583935291,-1.0,-1.0,0.1953198897704369,-0.47757429976910404,-0.7476061219478003,-1.9233492001725572
-0.5706182540888471,-1.0,1.0,-0.3205533568654318,1.0,0.5681388367415416,0.6396981306547197
0.2072979434048665,0.780716593971005,-0.10097886600470096,0.44966840460608926,-0.31548753556227527,0.7007606812850037,1.8631053067773633
0.006728247950147592,1.0,1.0,1.0,0.20129452068617665,-0.02666344243907881,-4.436705240788256
0.4441456283729376,1.0,0.40902779520460775,0.44807418715108477,0.21275349557399936,1.0,1.188624354595894
-0.9640899062105737,-1.0,-1.0,-0.6665987039299537,-0.1970422500507617,0.7499144063172087,-2.643156519355216
-0.1765759297815987,0.8348610674118871,-1.0,-0.4149890006458018,0.22863385937156672,-0.0013572169982420945,1.565870026045681
-1.0,-0.8652208815857165,-1.0,-1.0,0.9947868567276175,0.6837932672813236,-3.7977555831979872
0.01953693765547307,0.8628666921353564,0.28956861347316093,-0.26160767720752937,0.9390565801956055,-0.5150491941114028,1.281937934900493
0.18572231934538147,0.7046121867129376,-0.5788701177177998,0.855051161492058,-0.8842670667672109,0.41047997457377594,2.8759069115477334
-0.8210093531737448,1.0,-0.06680984478744106,-0.058480186667525996,0.2544460081902905,-0.3841390378312793,0.23739615103000944
-1.0,-1.0,-0.8130098521736537,0.36779820764683163,-1.0,-1.0,-0.9238524286829168
-0.4645140729213699,-0.38476701699206906,-1.0,0.188565551177294,0.10981713691161388,0.6377317338851771,2.681322041895264
-0.47022699812444624,-1.0,-0.3382616727914012,-0.8171758457365832,0.9881828217963815,0.044942124494362676,0.48776208154126566
0.31490233215384866,0.327123107612075,1.0,0.31529981312110505,-0.24784232684058183,-0.40364820828681364,0.6888257149484757
-1.0,-0.4314526639751899,0.6239921070241032,0.14527080143590687,1.0,-0.09378964372522802,1.6132521082049718
-0.24954017396611333,0.6643294793412419,-0.8175067215505294,0.729638862791448,0.4259400808259099,0.424266730899131,1.632705701925797
-0.9833504222502925,-0.7721733828135564,-0.24015319528489498,-0.5980773457647444,1.0,1.0,2.4897417422988912
0.6163594658303495,1.0,0.48540901732386044,1.0,0.7705557332373841,1.0,-1.9165244908503383
-0.12652595401322414,1.0,0.6140156426434706,0.8004282091752188,-0.25449349951113925,0.589212362356066,-2.3216674928702914
-0.10898472302731502,0.44458794885045444,-0.6611938916341105,-0.22967027560898567,-0.8645481742672594,-1.0,-0.046312722517324656
0.2574710567115326,-0.32589809583288676,1.0,0.644800099330425,-0.17593987374554365,-0.23131607478531424,0.4243408627296742
-0.25920260766605707,0.09275336760630123,1.0,-0.4909027108501568,-0.6454107480159689,-1.0,0.6066225141142404
1.0,0.6033991537084966,0.39068485757603155,0.609546315043499,0.4112400736447408,-0.07790905368603074,-1.5832985082201112
-1.0,-1.0,-1.0,-0.8626936444093818,-0.43735761281748464,-0.6068147527841506,-1.9807202466056981
1.0,1.0,1.0,0.25050900514771834,-1.0,-0.23064846877592138,2.8658277936605363
-2.0765709828410306e-05,-0.6890353328613388,-0.2840855739444289,-0.413896394592736,0.49937959852168196,0.27673159082309357,-0.39216986897616607
-0.3303504638954009,-1.0,-0.157308894477939,-0.6492300080064942,-0.637412810367489,-0.5071572101530644,1.5305262884128594
0.14039426480726114,0.39695957403325877,1.0,0.562163744083441,1.0,0.005481042992324658,-2.3812261518922675
-0.6783946873756292,-0.9375762530897198,-0.7150403182343172,-0.5858187437488815,0.40597146491965563,0.019852166719735748,-2.569671230062512
0.15553827007564203,-0.742132570784461,0.8923877682424071,0.4009453966777632,-1.0,0.791816703127264,1.2292294410496853
-0.003681461503154626,-1.0,-0.409900172415825,-1.0,-1.0,-1.0,8.160251967338187
0.1269949769623348,-0.16046417687390402,0.4204452632634904,-0.6650936547607271,1.0,1.0,1.6001696459054533
0.6074224682861278,0.13805934527688532,0.8353768310957003,-0.2778395488208405,0.22578326446201885,1.0,-0.47988199851087365
0.14673400926900682,1.0,-0.12185957755113541,0.9449879723905876,-0.8484485832823643,0.2931080449546926,2.9764723046523307
0.10283042828452302,-0.17189324960570035,0.42608838075847466,0.27644795655575044,0.06816882793877088,0.22363719147249372,-0.5795151483211849
0.32906009072169257,0.7004525785300764,-1.0,-0.7297609807241145,-0.9195912473992547,0.6238445079399153,5.666246117326654
0.6014890411126195,-0.9656788766691796,-0.7028636919445186,-0.2057424989808383,-0.4472715959933574,-1.0,3.2620611532691575
0.6703452748201459,0.7915822532353343,0.18812896132948304,-0.4979104024088504,0.7464082453904675,1.0,3.112682790896399
-0.04728543015917985,-0.26118665849622125,-0.4243445033379294,-1.0,-0.21691148580281172,0.3180721503117111,0.6248708821842284
-0.9330496930290372,-0.3539699406954288,0.6582133007064414,0.22084304855735037,0.1105627429035907,0.985748822585565,-0.883649302488555
0.12602005296255397,0.5889972894282088,0.4116039843697986,-1.0,1.0,-1.0,2.34340286287991
0.2581074680581587,-0.29781588586341373,0.09073622840842432,-0.6320994133381778,-0.9465784398998867,-0.3980546136801154,2.2514749758257073
0.2531294710285284,-0.251302800467143,-0.010764708169597584,0.1642585172899672,0.4591087523674756,-0.7001113983522116,0.01499914411741643
-1.0,-0.7285292462769009,-1.0,-1.0,-0.8132709500219412,0.5742904266619175,-1.9723036092297843
1.0,0.24323079923523167,-0.07623619677476329,-0.16499865399070335,0.6633339287797428,1.0,0.18556852705271698
0.41040279991458206,1.0,0.08598205910922119,0.4946218560303066,-0.056546897888829606,1.0,2.7426236901959826
-1.0,-1.0,0.596245415836436,-1.0,-1.0,-0.9810437573455211,6.950461925515428
0.8318137878054492,-0.39110354950604337,-0.4304116543283478,-0.555246158067368,-0.9164631662677165,-0.5761503219282327,3.5714258038589186
-0.4004356709678688,0.7765154986048675,1.0,0.5038869146146252,-1.0,0.34845591685299127,-3.248213476041814
-1.0,-1.0,-0.3667898122391412,-0.20771193385320785,-1.0,1.0,-0.21060374886711752
-1.0,0.10219672993278922,-0.7186424915997864,-0.6268103357841552,0.23683926817696224,-0.5613338924096413,0.8303870469362342
1.0,1.0,0.17236303119772234,0.9179500316206506,1.0,0.052023549365700805,-2.549587199094188
-0.3588197130754214,1.0,0.10256093742097144,-0.29032000949394,0.8831372646942797,1.0,6.6195270220214555
-0.8257738488368167,-0.9560163024266803,-0.3701826701706652,0.2873967646068553,-0.9995803509016379,-0.49846545786966634,-1.716600193302287
-0.9878712564958068,-1.0,-1.0,-0.16287912341038657,0.8540737202479678,-0.030429934660183067,-5.210936239716439
0.20656989373692858,1.0,0.2328128106423255,1.0,0.401764975038877,0.9083612697124697,-0.646485524964613
-0.2864687300553669,-0.6633202401740079,0.034647452556768155,0.2251691363613615,-0.17638837912955319,0.5865626247572495,-0.38310528444580144
-0.6356102855862813,-0.7066630529264861,-1.0,0.6539140823914118,0.30796459096381446,1.0,6.544599308269776
1.0,1.0,-0.35823993498078843,1.0,-0.7726470116156026,-0.18986028469556676,5.712444419756736
0.39897323221588454,1.0,-0.7984567904910178,0.33954467665062915,-0.09349987737991938,-1.0,4.151648618024659
-0.609615226316053,-0.6852355725092563,-1.0,-1.0,0.6620557856284361,-0.3658149035096858,-2.5424236601544297
-0.8672880395736191,-1.0,-1.0,-0.016485127004437272,0.19344285271458667,0.17004063147514525,-3.301621495754986
0.5305219180965508,-0.36941261620142496,0.3921655619274228,0.3116881272252263,-1.0,-0.46143458191058173,3.4074362861252667
0.18600264055578308,1.0,0.9370234388179182,0.2529111914793454,0.10145348323024236,-0.22291802024550023,-0.7070264777588986
-0.09572903965377355,-1.0,-0.36096177167387755,0.007003610667356913,-0.6306530208064716,1.0,2.0598797617421973
0.26091717890030974,1.0,0.3259740675506715,-0.8280038180558068,-0.4262314752433236,-0.37620271554531765,0.16951372534216091
0.23016283462676168,1.0,-0.6160081810680675,1.0,0.6236314995691703,0.8904108407578573,2.4819384286745887
-0.24581159511845158,0.2773150960829156,0.11494260253479788,-0.39371879851795427,0.08551948718173819,-0.7418864098682694,0.7641815056477266
-0.039630032022356154,-1.0,-0.1596889136278794,-0.9531164624059105,0.14580849850550837,1.0,-1.5969840523859526
0.7119311629921179,1.0,1.0,0.6600313874635977,-1.0,-0.6007196468381224,2.403156464391297
1.0,1.0,-0.011928837125638525,0.8526300453308286,0.4701120159621668,0.5859205250627504,-1.6349077712766882
0.780168345905879,0.8285166739230445,0.9302653104427598,-0.5882812521547953,0.8546994107531202,0.18387780586955083,-2.227219440741635
-0.05719607930867454,1.0,0.25924763189602773,0.07330412386995055,-0.6993542338026648,1.0,2.3486223670278346
1.0,1.0,1.0,0.1993433652662041,1.0,1.0,-6.156246907692376
-0.7224101321378981,-0.9309995403096627,0.6693312660845675,0.03680182212714023,-0.5798876670794031,1.0,-1.2544497780444728
-0.46141020110259445,0.6128702618976182,0.9324084515972465,0.37852796183437315,1.0,0.6593592556245484,-1.252931273448028
1.0,-0.11814881773134246,1.0,1.0,0.8509300926321197,0.5464912477899913,-4.952930605643594
0.7335965405473983,1.0,1.0,0.32693242889014584,0.08425171438166647,-0.800282929488025,-2.8166355790677695
-0.6227886198973962,-0.20867452856501567,-0.6265083246139094,-1.0,-0.43690718963026787,1.0,3.078113462831796
-0.5997956597014025,-1.0,-0.865962354288047,-0.6837966051382047,0.793431227735432,0.06110528921940572,-4.364329405712568
-0.4670677337290623,-0.2807630991843484,0.5839603132471701,0.6233509545889693,1.0,1.0,3.1329740859623207
-0.7524833824358506,-1.0,-0.3814191714672323,-1.0,0.21732878963863833,0.22420808105693313,-1.3318128363060342
1.0,1.0,1.0,0.4031227759402989,1.0,-0.3730696114003759,-4.293988063004361
1.0,0.5578254510183098,0.28876856652686245,0.3592883854235547,-0.747268398049265,-0.26787375150737375,3.0746686457379107
1.0,0.1504525521992588,0.34310462174112333,0.7134723362439506,-0.025866002255247766,-0.44414680360241077,1.1857675917386172
0.02856230630609574,-0.7034394579093539,0.8988992066929554,1.0,-0.8459290462070099,0.728944935557398,1.12037241263289
-0.22057551269196218,-1.0,-0.24912654346401708,-1.0,0.14812703813568995,-0.5746733856022559,1.5775555306948306
-1.0,-1.0,-0.2694741507995482,-0.19863187733034948,-1.0,-0.6653071510015951,-0.5911878654241604
1.0,0.09936853799145551,1.0,1.0,-0.16531672995073055,-0.28390511042099476,0.6995846940054878
-0.1471840148235768,-0.7072102026351189,-0.42503930826411135,-0.5132426318249745,-1.0,-0.5986679607824934,2.61418661018841
-1.0,-1.0,-1.0,-1.0,0.5477742001747818,0.44630041398140946,-8.061270648546294
-1.0,-0.2761185782035749,-1.0,-1.0,0.4099155316648987,-1.0,4.95712836919577
0.40771261948300064,-0.49456482183048633,0.19908757730598592,0.6242882348820211,-0.4762789053418822,-0.4766818895823982,2.0223057204284096
-0.3527458277344445,-1.0,-0.810373216969371,-0.032971104788006605,0.24575338944589015,-1.0,1.7974389272423128
0.7071944704760778,0.19711680308109392,0.48588720750996517,1.0,0.37853744011241486,-0.7332510838754543,0.8201622844811629
-1.0,-0.14526871767646865,-0.4617036435524694,-0.43129804611767053,-0.6792926760452216,-0.23479789783865024,-2.34756580899666
-0.06547498409211305,-0.20342375986270583,0.006539910856846576,-0.7199869834891206,-1.0,1.0,5.255051609374725
-0.8634502657409874,-0.18429685476894903,0.8575066440744379,-0.6703057550391129,1.0,0.342593229967334,-0.11815661305805025
1.0,0.3137656758207021,0.08469020176234388,-0.3919598822358856,-1.0,-0.07078801278791547,2.314038818589612
-1.0,-1.0,0.03164600916583771,-0.1433871583364954,1.0,1.0,3.757255785832954
-0.0665607176289533,0.316640627809894,0.1215020684131709,0.30941424803793977,0.7653069653927925,-0.38975244802101966,0.18033421875512157
0.06940624277038501,-0.434714206311219,1.0,0.3293953529478926,1.0,1.0,-1.0587338611793822
-1.0,-0.5936308055690327,-0.5778337734423007,-0.03911608318281279,-0.434212278757657,-0.8865122493271665,2.3350797798319674
1.0,1.0,0.778698207612537,0.9154127138809844,-1.0,-0.06270713902671132,3.789594211518495
0.1695082012523722,-0.13700303684683446,1.0,0.7516950355800657,-1.0,-0.40786991552752094,0.25209264849424895
-0.431083607977229,-1.0,-0.477963771746744,-1.0,0.3467143886702754,0.16596315231366632,-2.8350347316995768
-0.7146682293812382,-0.27201634516885137,-0.7448336829638368,1.0,-0.9258255333263905,-1.0,0.6946397848587074
-0.8216501122211548,-1.0,-0.3125702440778184,-0.5273769938392572,-0.311532874729021,-0.010063186893484344,-1.131255475615361
-0.02437611714196275,0.6726826103479329,0.8186585940371714,0.03465136905360974,-1.0,-0.5767806442905359,-1.0601360233615233
0.23077219922291903,0.311813352514236,-1.0,0.21712573604763644,-1.0,-1.0,1.450239135945416
0.9189778378306699,0.44658448590593836,0.7152730671642047,0.5513693412670774,0.3716256633941897,0.8570461152338007,-1.58801083808082
-0.003417037883644225,-1.0,-1.0,-1.0,-1.0,-1.0,6.785015213862345
0.6224468588317894,-0.3714394526775977,1.0,-0.17862229933838686,-1.0,-0.8769133163680822,5.095314466159497
0.13540162351734286,1.0,1.0,1.0,-0.9559720686508554,-0.35636329421565205,0.015509963521336212
0.9295377935597662,-0.12811354298450434,0.017927963989482598,0.4974136897295831,0.3955667638628218,-0.29095218479407936,-0.22461320797836787
0.7653280069741835,-0.12070727075550985,-0.469587924925801,-0.5038980084942684,0.4875374550331584,1.0,1.9176480427362939
0.26321328915535536,0.31807569502892125,-0.16915488158312264,0.14631446274248694,0.1081295159778693,-0.4314253975678618,-0.21130741196328084
-1.0,-1.0,-0.309873274098885,-1.0,0.6644939681361341,1.0,-1.2061192630381394
0.1876629792298219,0.4144015633441229,0.22330775235597855,1.0,0.00020574330177047795,-0.0710376100367539,0.6941995425432398
0.420443190005119,-0.09710637823746812,1.0,0.08212392861389384,0.5694686989774289,0.3264168129798668,-2.4160392790613585
0.8073502004786609,0.2650518213470507,-0.5345763508666623,0.12917568726572534,-0.9161590510106783,0.5476460737175721,3.9818209986743938
-1.0,-1.0,-0.6421943832903069,0.5252841687899965,-1.0,0.3942462962218676,-3.012771295155976
0.7392031195228304,1.0,1.0,0.07079392571635568,-1.0,-0.6745579343490915,0.6434742939791261
-1.0,0.6257012729527198,0.844911563271907,-0.24235097793742522,0.4595460702867569,1.0,0.24196821413473457
-0.1384772030290099,0.7858261443822376,-0.05262581356417402,0.41222530895592474,-0.10969512962650985,-0.23771718948441323,0.01250363335583679
-0.3351528755185852,-1.0,-0.09471334831264722,-1.0,-0.9938830397112722,-0.013197245163013016,3.9787422670414268
1.0,1.0,0.9716881398439108,1.0,-0.15410215445196607,1.0,-3.4887215177607214
-0.282912847940308,0.45087838999563545,-0.27740636774933625,-0.0029878244563771306,0.5201612933448135,-0.7136552329871029,0.9266064020294517
1.0,-0.6231731148569559,0.17339776388543227,0.12485588096431877,-0.9832789628640842,0.08265261172270033,3.2722877928913134
-1.0,-1.0,-1.0,-0.2171740062135994,-1.0,0.316738708090399,-5.966864929538179
0.22990824702774704,0.7926026788856374,0.11979305870013002,0.19751516723858764,-0.8087096027961487,-0.4607276957958646,0.6317357741976944
-1.0,-0.2984278548534234,-1.0,-0.9933865223660265,-1.0,-1.0,2.877833239178645
-0.7805225693885638,-1.0,0.31324520747410645,0.22093962646406098,0.11294810172925462,0.7454014017058366,1.3563922652845728
1.0,1.0,0.9194632298870296,1.0,-0.5541959773348074,-1.0,6.995863043021217
-0.7805964035373265,0.5854522445602809,-1.0,-0.3638220774564789,0.702530950701863,0.8958560727169707,9.75369770256923
0.32621629906526395,-0.6708608494512237,-0.8470515521273805,-0.6714508298936006,-0.6805969527478424,-0.15318266888348153,1.626730063864112
-1.0,-0.4948457746748416,-0.044218499087470636,-0.10924156173549837,1.0,1.0,5.396094894616259
1.0,0.10531817256143028,1.0,0.8198300710872484,-0.11788625150633358,-0.14250074735827678,0.3210901267220692
1.0,1.0,1.0,1.0,-1.0,-0.15917600876648064,4.020862984800838
0.30769421499298377,1.0,-0.30103673107191653,0.5954425144455824,-0.2654111338252323,-1.0,5.048697792451241
-0.12060408312769821,0.4836187257160389,0.5989814626531299,-0.33165951423426066,1.0,0.6375894747770461,1.3676706113578097
0.09716292611033439,-0.5368343891327014,1.0,0.08084519274975799,0.3617865628775076,0.4508100344809172,-0.6383830601916103
-0.6677448919712543,1.0,0.8543792203318918,-0.799794343609951,-1.0,-1.0,-4.533968797306279
0.9721022140134944,1.0,-0.34554220490720167,1.0,-1.0,0.7176408896447162,7.327072502666488
-0.9852405050392995,-0.3704912787498953,0.6784266342379195,-0.24325584305617642,0.4383622775523009,-1.0,5.6238410732759245
-0.9111101450723191,-0.10642203610853429,-0.9338361338082259,-0.22464170399580552,1.0,-0.286546137574867,-0.11122449122513489
-0.127059786093943,-0.4117603648849182,1.0,0.9568638168856616,1.0,0.08361699604323003,-1.140575944578444
-1.0,0.5684161807885969,-0.2913086716344815,-0.8681978628411321,0.3910245997934966,-0.16166662731825487,1.0888617819398112
-1.0,-0.5318826614428469,-0.9518325918409909,0.012384906312965682,-0.6012578816650631,0.2512097960827935,-3.2708106387588542
-1.0,-1.0,-1.0,-0.5180607691396844,0.5185824414518857,0.6932685652441428,-3.533611270715193
-0.13951223409938474,0.206343837958594,0.6164293841745503,1.0,0.976695938848696,-1.0,1.8175565118231811
-0.00431609853754189,-0.9055250625605316,-0.8159939521014343,-0.9413706706502014,0.15722310050329769,1.0,0.2377757806778676
0.649095359759484,1.0,0.8591055400446661,1.0,-0.13933389988129108,0.2682678164212373,-1.8690884139162793
0.6355823562268706,-0.038171158077075995,0.5698696604355571,-0.8941366721329944,-1.0,-0.07552010843664436,3.1369912535606974
0.3653523619005342,-0.19555603026110568,0.6818180452534227,-0.15025663221416585,0.9157033228879303,0.8793355201122357,-0.37547970219436977
0.13166554573992828,0.10240105695671198,1.0,1.0,-0.35078833891600814,-0.8799336392116606,0.4487074278579598
0.7835566362366473,1.0,0.5814690439737559,0.4215291126898728,-0.21699395400058655,-0.2290997941885965,-0.31949892703880894
1.0,0.6158759825646509,1.0,0.294714065447123,-1.0,-0.3623514884912403,4.28613226494763
0.6654905904121231,1.0,0.06061047951450271,1.0,1.0,0.5751725441395351,-2.082612981612372
0.259536701103171,-0.29416542126704615,-0.24840252175858274,0.1976643589064198,0.8494095171422678,1.0,3.8121214660787137
1.0,1.0,1.0,0.7324501919235606,1.0,0.23432693254995152,-7.392794914352064
-0.7093860010124653,-0.5623591371918202,-1.0,0.040677743070225425,-0.8231928165673078,0.47658988862585366,-1.817072575704491
0.9575348949799432,-0.05104629756643653,-0.7128214105633535,0.4434759916300176,-0.6519987171319237,-0.9305673739318272,5.26309882675514
-0.354089287266229,-0.46195759359628674,-1.0,-1.0,-1.0,-0.6623923666235676,1.623953617727187
1.0,0.1463785326885687,0.48650270036436805,0.24541452589107204,0.99655455208099,1.0,-1.3429819367961673
1.0,0.9432289434157991,1.0,0.5774444687437299,1.0,1.0,-8.104776087784277
1.0,0.5297416246348388,0.401198575914809,0.030476465675751352,0.14010394053610287,0.6088628505422853,-0.6748376363440991
-0.3352173939157448,-1.0,0.41261336507946955,-0.46725467838487933,-0.18188140620271498,-0.048351879923006436,0.21783634696493037
-0.20221273167947673,1.0,0.9982011673126245,1.0,-0.49130676807692475,-1.0,0.4610060462460824
-0.0869476991481597,-0.12681550292927746,-0.3258660803941123,-0.5159146223474355,0.028515505684875597,-0.06375381196539265,-1.1599971616530098
-1.0,-0.6644950023467151,-1.0,-1.0,-1.0,-0.2709432209803897,-0.6067002094929553
1.0,0.7453229991508117,0.09347138788077891,0.25616299669293285,0.8003183593136677,-0.08584978324598047,-2.7582428096615432
1.0,1.0,0.7292532222208168,1.0,1.0,-0.17545727783112663,-4.552734221282856
-0.09811728564732446,-0.31605323042095224,-0.5534776860139776,-0.005675036556015645,0.1405776351705013,0.7220752296433356,2.3262527974657896
-0.9312471937094614,1.0,-0.5194336270792097,0.18240850076773357,-0.8552291384265782,0.39176896894367585,-0.26031481512965216
-0.8396008896689802,-0.8861779187420364,-0.5644326905761508,-1.0,-0.03443719741859674,1.0,-1.476676633318429
-1.0,-0.548228378611946,-1.0,-0.021328491150823026,-1.0,-1.0,1.3332698400964391
0.9939170502188792,0.28570314354387516,0.7561778917856203,1.0,-1.0,-0.8288471697644335,6.623413355034796
-0.4878654236743485,-0.35589517765586387,-1.0,-0.41464162228795365,0.29124148493687774,1.0,7.6933992247960274
0.011282777182409331,1.0,1.0,0.0637219662693882,-1.0,-0.36616112490124286,-2.9740266726784874
-1.0,-0.5077558991274626,-0.3508249540610955,1.0,1.0,-0.386392806197448,2.5857453819265963
0.4937616967065406,0.014288431167944038,-0.6358531013915949,-0.27925729980185177,1.0,0.4911059554416959,-1.6946435834993387
0.024907520673931816,1.0,-5.0254631385193704e-06,1.0,1.0,-0.08039664439706654,-0.9784147100609515
-0.8537586105744414,1.0,0.7205251108920676,-1.0,-0.04065454126401358,-0.5026566003241362,-4.0322843672993836
-0.4222190706709258,-1.0,-1.0,-1.0,-1.0,-0.7474427457122352,3.692790213247786
-0.5341245744674411,-0.14725093044142995,0.4568084378696239,-1.0,1.0,-0.9393011273866347,6.583413229169247
1.0,0.8011774059909681,-0.012872593204929839,1.0,-0.30699941689968346,-1.0,7.29733930017582
1.0,1.0,-0.42925938330729285,-0.3339006852345986,0.9640846868408195,-0.46986598835383925,-1.4507840171233795
1.0,0.6784239479749676,0.5596206339708263,1.0,0.9147607137796878,-0.49628647836916195,-2.2406394680228265
-0.3874839097556235,-0.6701640570057181,0.7038995757768666,0.837662359413692,-1.0,1.0,0.9314012231425876
-0.3489885575447571,-0.794903618894963,-0.9051899997468407,-1.0,-1.0,-0.24851343924755098,0.9862057568125873
-0.5645137043493121,0.5998100757510139,1.0,0.14584359518321593,-0.2532070466862144,0.08987222698786956,-2.523108351708628
0.027622306961688187,-0.49889779472789203,-0.5291428126986164,-1.0,-0.8820356080639229,-1.0,3.3034741197949735
0.5959120062679555,-0.4471784980070947,-0.2809398252090895,0.3190186502258646,-1.0,-1.0,4.941722805430599
0.15808149592769916,-0.8418012862274017,-1.0,-0.4116109747473721,-1.0,-0.7465101946165256,1.7333605388450308
0.23450347429166418,-0.4991081742400698,1.0,0.5866491689623643,-0.7488061924522327,-0.8587970738390032,2.2654113243899263
0.6371367345114651,-1.0,-0.7308727891369706,-0.1846853525885308,1.0,1.0,-2.068494416030528
-1.0,-0.46735760799934156,-0.0382618074863057,-0.5383265360839786,-1.0,-0.8327979891501052,-0.17790772692077902
-0.8650534023384981,0.9204635474634831,-1.0,-0.926758738333674,-0.07817302891502653,1.0,12.213131321859521
-1.0,-1.0,-0.7771368221209107,-0.32709140066130704,-1.0,-1.0,1.4585275938979687
-0.1890903889672444,0.31136597219297135,1.0,1.0,0.5258270927129904,-0.8644535801303003,-1.1839195893276844
1.0,1.0,1.0,1.0,1.0,-0.39216860423853916,-6.0722879638729275
0.7600272759958454,-0.6433192972587332,0.15147233532944937,0.38377139205930333,1.0,0.601067525008073,-2.5138154309350123
0.05795544004287878,-0.1241306989215234,0.23940427938889586,-1.0,-1.0,-1.0,5.077000739901062
-0.4500823576828213,0.1849432680278773,-0.1760869545485428,0.10830249735538577,-0.510824413868173,0.6516674968281285,0.7605068817771291
-0.6866619446070044,-0.9931603451993153,-0.29379272852954297,-0.8824904885655709,-0.7449272213063773,-1.0,4.193146094230997
-0.7296585117901773,0.16158927311014315,0.012386963049092037,-1.0,-1.0,1.0,3.8720646958708147
0.28794655336382335,-0.896266634474278,-0.6236360793286586,-0.3300362044580727,0.14218638570865916,0.16983814636322364,-1.4305903048243471
-0.502915966474654,0.6774266295654293,-0.2756747163392269,-1.0,-0.34739722712926646,1.0,4.449456877272771
0.42633670048627104,-1.0,-0.5562470281187835,-1.0,-0.13278918608863954,0.2276931157212027,-0.3458177547110195
0.17789427733673713,0.5943329182817119,0.708167940526335,1.0,0.3253241767818199,0.2935649770276543,-2.121977226521776
-0.46964052661329747,-1.0,-0.34082045865124644,-0.310348137335579,-1.0,-0.2605906651835843,-0.7272441761976037
0.5656669179916024,0.4159778781147187,1.0,0.6906966670926276,0.9286086915995648,-1.0,-2.303180904458602
-1.0,0.4975491405339892,-0.9573889812410936,-1.0,0.24196384017547012,-0.008430224212419679,-0.916375884748427
0.6083702261660286,1.0,1.0,0.02388642513333971,-0.47688337761400645,0.8599493374113804,-1.4232565103436696
-0.6028888274533414,0.3195158385438426,1.0,0.7731742379684121,1.0,-0.27707988672302375,-0.8036251641814119
-0.42122487270401326,0.8254487965641019,-0.5261363344952166,-0.15799551480704177,0.5483670279728612,-0.6045477319064031,0.8908537381631607
-0.6992626483965565,-0.7319796484926705,-1.0,-0.4062482843919484,0.9908712899722388,-0.10938058446822485,-1.8580938499911221
-0.48452164648021884,-0.4557361691377281,1.0,0.5470050613202637,0.7711123679914555,1.0,-0.5570431537325994
-1.0,-1.0,-1.0,0.6217189324780197,1.0,0.3849924895577892,-4.507069451067673
-1.0,-1.0,-1.0,-0.38772550868870637,0.3220501862624896,0.45575074994953585,-3.721543810400053
-0.9928624518431631,0.036485717108946714,-0.33914264679745987,-0.22047622255510851,0.896856099563083,0.8978410568039124,5.084062528716113
-0.061545346812547065,0.4815307269831012,0.6239689551309822,0.16561464513742807,-0.22225165573068328,0.7749912643256736,0.6154711140110138
-0.509852325199456,-1.0,0.17994302282927072,0.5146224800148349,0.4794075267618393,-1.0,3.6370059378825417
-0.7385240154667124,0.47462483874241,-1.0,0.06133455361419016,-1.0,-0.24928904617614922,-3.0668920905545303
1.0,1.0,0.3794566701290999,0.014552668417266323,1.0,0.2995493244944685,-2.386898973052506
-0.5868099567805274,0.9851302343338734,-0.26184529407418916,0.6403753438317485,-0.4858843804919362,-0.9166331970915698,1.986616754635476
0.20887529882032413,1.0,0.0681883049868931,0.287542145911483,-0.6815429214848936,-0.5164328862992844,0.7344519568829433
-1.0,-0.2791411968574452,0.5577326163228714,-1.0,-0.7595255699985699,-0.2244987856656142,-0.6812539081304165
0.06997580295869477,0.4721033395010096,-0.13029524002228543,-1.0,-0.9219665529509896,-0.1770372191899685,2.4624987097718
-0.328328916841122,-0.24164986189175086,-0.26528698904444004,0.30773480676314713,0.9401911261827703,0.0510011954006373,0.6288674110746089
0.5591068952033709,0.5022445104906501,0.5919461116539539,0.12043578547812595,-0.0836058331437054,-1.0,3.5068261048186304
1.0,1.0,0.8979277559521244,0.38755590114011707,0.03405705366289141,-0.4362536235556693,-0.9570120001308418
0.5259894831806419,-0.8321119693677324,1.0,0.06445117887441625,-0.7410676476893485,-1.0,6.321267721778845
1.0,0.3620291506608926,-0.5025533367636087,1.0,0.3505075070636931,0.1404891364043559,-0.2609964390506323
0.6385198315818977,0.7776379294680285,0.7739451779246611,0.6035779403609228,-0.963349634011215,-0.7468056948645427,3.981046332423246
-0.9261142549547449,-0.614155612409514,-0.38362307965246467,-1.0,-0.14922709901753306,-0.8680101842598598,2.4274432347614185
0.1906707095111893,-0.3049245643327089,-0.28209212178980414,-0.18522032113247983,-0.7185713392570607,-0.7032580892794656,1.649592811347872
0.17917294288997487,1.0,1.0,-0.24762665333462064,0.2719140985195024,-0.2786074957774942,-2.494907246214321
0.07640206306163977,0.1041989876252396,1.0,0.3596592094688056,1.0,0.5210917905964465,-2.3743623690138342
-1.0,-0.9747220294156249,-0.7687003347661764,0.0037437811235561114,-0.5756429377832469,0.7374266387306826,-2.139069737561607
-1.0,-0.0713282985141539,-0.8610079568675368,-1.0,-1.0,0.672621469323995,0.6058136124887574
1.0,1.0,0.807373533767507,1.0,0.6709324513125177,0.08336823521028602,-5.682849911630752
-0.9354296700908908,-0.49778434296639273,0.83500532733604,-1.0,0.24134450126278828,-0.39929485398361025,0.023900438779961175
-1.0,-1.0,-1.0,-1.0,0.877982120657961,1.0,-2.0953337794196165
-0.8218064407146599,-0.47426811388465073,0.04349332269540007,-1.0,0.36322165346622126,0.46803572634837476,-0.2474741512605077
-1.0,-0.0712112764513424,-1.0,-0.38808662566565344,0.48171969354899247,1.0,8.180832374520133
-1.0,-0.5798254892470471,1.0,0.2798710889628647,-1.0,-0.3158396683856939,-1.932348503489906
0.17939217639811708,0.8237230615828649,0.8353139090369226,1.0,-0.41575575445783364,-0.20055690957792982,0.16723424314199042
-0.5042344371585832,1.0,1.0,-1.0,0.8849012432123584,0.34207223762413197,-2.8468407849467514
1.0,0.41434889799252317,1.0,1.0,0.5095708468445137,-0.3753727304149454,-2.1156396629135625
-0.3156547768593537,-1.0,1.0,0.6608085871305058,-0.8547614453464345,-0.34670235842563446,1.443886979063871
0.6744332218827512,0.005366026320757111,-0.7539971786105472,-0.652092877042215,0.6494719144267398,1.0,2.578885398425686
-0.17408269843718097,-0.9322061823528348,-0.7002471147184552,0.06446869733632027,-0.5430343177518366,-1.0,2.2823792221441876
-1.0,-1.0,-0.9895985784131098,-0.14170217620829884,-1.0,-0.5067472494285228,-3.683685529932021
0.4497736167384603,-0.21351328086386323,0.637483161286351,0.9038337574662312,-0.6662110000627258,-1.0,5.077891316927899
-0.5993965567223105,-0.13992596490108933,-0.018592616673313023,-0.36977005505516014,0.14670783314622238,-1.0,3.6026467313503745
-0.95617078509925,-0.7148259169315725,-0.8781283246422666,-1.0,-0.5470570375668303,-0.44632348835931546,-1.5822036393600718
-0.9479373777156468,0.7593922046983617,-0.29636124948981707,0.2245518524354414,1.0,1.0,8.5970917963955
0.28416926025530276,1.0,1.0,0.2636225130112204,0.0740115670240385,-0.9477176412312024,-1.3819345274047323
1.0,0.47316624043546335,-0.8199200412541103,-0.7072087039128704,1.0,1.0,1.493091875279374
-0.14662782539756103,-1.0,-0.6943628208275068,-0.8367185333566212,-0.5505979860270376,-0.47924742447363144,-0.8196603037462484
-1.0,-0.005269058911325009,-1.0,0.057478964758843176,-0.24804436821718745,-0.9894875028168242,4.602158553644937
-1.0,0.013921218966836346,1.0,0.524888981111973,-1.0,-1.0,-1.6799780126764667
-1.0,-0.3064266100320634,-1.0,-0.8513149429024347,-0.39932236319522724,-0.08044202390765995,-2.0351747094618546
-0.479802032384391,-0.09026324586654355,-1.0,-1.0,-0.38172239799127616,0.4405361213687009,-0.4044583104276131
-0.8829628475857625,-0.5956483437880884,-0.9361812608521909,-1.0,-1.0,-0.816594555921555,1.3734135169892001
0.5033415797982561,-0.7814925966806567,0.6569508544597293,0.0045053096877724075,-0.8416734733846583,-1.0,7.144806616482704
-0.23570354740152988,-1.0,-0.7293233800802599,-1.0,-1.0,-1.0,5.712148693868323
-0.38716560080741924,0.9683930680156904,0.46335901588784656,-0.6580066034234515,0.9770192639874162,0.7003412084408005,3.4547925583404155
-1.0,-1.0,-0.43768023056019256,-1.0,0.3792641125540287,-1.0,4.860905653931378
-0.35615664264387625,-1.0,-0.44929598985705943,-1.0,0.7340421440032114,0.2800078072960678,-2.916199933639052
1.0,-0.08404458880701027,-0.15128075833591903,0.5917727738446737,0.42321720165470855,-1.0,2.8077868152262537
0.0424896363977052,-0.11822664174493325,0.30503728102979044,-0.0807996757912623,-1.0,-0.4325980569681773,1.0484217457577354
-1.0,0.2821873992600735,-0.23166606860882144,0.23909820487367933,1.0,0.27582684032867544,3.941998345631575
-0.8758875541832676,-0.5338201627933862,-0.1423283863344642,0.3264549444578069,-0.3790649979511598,-0.23593729952334075,-0.7191876711286979
0.717488420261758,1.0,0.8989200979267864,-0.05823119543584028,-0.27561506651387,-0.7016714093048566,-0.8529161456480636
-0.6857362654340682,-0.05553885021084676,-0.46087837964834827,0.06263739077365571,1.0,-0.06844925384050138,0.9041055511804288
0.07040218030118617,0.1594304723708851,0.18379347245466238,-1.0,0.1064614608444786,-0.5650544246537215,1.2704476083843619
0.4925118841375219,0.5927835777579181,-0.10009121638404472,1.0,0.06650597018510179,-0.14080766511329484,0.36099985986568656
1.0,1.0,0.8559622122954946,0.5703518478153907,-1.0,-1.0,7.317098534430373
-1.0,-1.0,-1.0,-0.9218612855492383,-0.1536115863414558,-0.6286629679543246,-2.21267706447352
-1.0,-0.5568557340720888,-0.8859703449538565,-0.9213588213324598,-0.5194182341433564,0.06172756765648635,-3.261586027407845
-0.0979127709576314,0.20716384306898622,0.24651325141263225,0.012882130577051343,0.13781752728743168,1.0,2.6888260751344397
0.4876269537752831,-0.5131529293842194,-0.23623029342003926,1.0,0.6141298635375886,-1.0,-0.19688970263774008
0.2782022764800734,-0.03751082047865356,0.3095743760623879,1.0,0.6351490695442178,-0.5408002448531045,-0.26753308461641817
1.0,-0.4671902263268873,-0.8771731486521989,1.0,-1.0,0.16482661084381134,4.399773243858489
-0.03619350959998252,-1.0,-0.9630765172332931,-1.0,-0.8387493757860589,-0.7664247252350029,3.3538547570069834
-0.45160622528285144,0.6611338996851848,-1.0,-1.0,-0.9118120553804434,-0.07793381227716202,-0.2328669554153339
-1.0,-1.0,-1.0,-0.6530517181162985,-0.6222964445960417,-1.0,2.629013244947576
1.0,-0.05168659234562373,0.008395475786825174,1.0,0.8113940787562658,-0.7107874206695476,0.11579515461274903
1.0,0.5885200970299951,-0.6106487484113048,-0.027795029737673338,-0.20959623274227035,0.8415760023284278,3.3276602120247514
-0.25715802904037605,0.6221195892376364,-0.38294703483677206,0.14319486206160947,0.6560084821446002,0.5215554722519767,1.128713577247786
-0.9521836048931472,-0.18460592445802537,0.13229663514985546,-1.0,0.1807092711741649,-0.9333309559352939,3.777596998382053
0.2396779006689882,-0.22602057902659134,1.0,0.6920559754616517,-1.0,0.6364395932508041,-1.8798109257683868
0.6010619011555796,1.0,1.0,1.0,-0.009587715846876649,-0.31015643359116735,-1.880903392310168
-0.649346629973593,-0.13582055762854306,1.0,-0.7014447939894785,-0.6092130836672973,-1.0,0.15387832356958786
-1.0,-1.0,-0.6608670792524811,-0.3912120950817666,-0.7399534976958503,-0.6220782452321574,-0.6293911955043834
1.0,1.0,0.18103826900924624,0.24379029137101282,0.40368511372764915,0.7015453605298702,0.22235324276639046
-0.6199199571620755,-0.4854253822835143,-1.0,-1.0,-0.7160948431470102,-1.0,3.4082717751145126
1.0,1.0,1.0,0.24370906081098176,0.5030897820762267,0.6239741627779021,-3.945012446342599
-0.4654920976902197,-0.20402601357775552,0.6918975517264117,1.0,-0.037291219629602024,-0.6384461299336066,0.5521476403406597
0.9394718596926493,-0.275453336074297,-1.0,-0.5863100150236021,-0.5324325188979644,-1.0,5.591734847129559
-0.024621491793624828,-0.09365762769799812,0.9726074138479675,1.0,-0.9777324829045906,1.0,-3.6816608796582315
0.6978061190492888,0.29949437828817405,1.0,0.0361479135924716,0.2266083592900473,-0.0756668597682737,-1.060565548083675
-1.0,-0.6101697187029795,-1.0,0.20133518789207794,1.0,-0.2826395035788062,-1.0077093259142984
0.582365679703708,-0.08539132927588121,1.0,0.018499290250689138,-1.0,-1.0,3.034407682663651
-1.0,-1.0,-1.0,-1.0,-0.16361253964286943,1.0,-1.735962120231257
0.11376514669881366,0.022933231471201798,-1.0,-0.2339160440976482,-1.0,-1.0,1.3786690900675813
1.0,-0.25637804146342213,-0.7920841524922874,1.0,0.6433996843726615,0.26678480669690285,-2.30701202310076
-0.2153021366839668,0.16807922490032223,1.0,0.8898278234849821,-1.0,-0.41475330513763886,-0.8123662786955509
0.38654894841169124,-1.0,0.07594592675455414,-1.0,-0.7018894913752725,-0.1956261716874554,4.799897839747195
-0.2977247985187823,-0.19520385873276924,-0.12526395423478442,-0.699496623539024,-0.9998442170743702,-1.0,1.0976401667697742
-0.9209888664184576,-0.5913520022090449,0.5716916839352639,0.008263554191634492,-0.6468935501412663,-0.19811987600725509,-1.3499745358453075
0.824264259068721,-0.24183750420969688,-0.6541068135781684,0.6563179010356122,-0.738103900602121,0.24378312037403504,1.8755689507231732
-0.8011042927906769,-1.0,-1.0,0.792797983495358,1.0,0.7802562383543765,0.4746981911546238
0.214643034884749,0.882592094602583,-1.0,-0.7589818012465163,0.02113768674711669,1.0,9.394043185897795
-0.042247776543913484,0.9640207486458388,1.0,0.8105897183107575,0.13036787580537196,0.3939862077587823,-3.2339239397807726
-0.5716925238471979,-1.0,-1.0,-0.9494777694137424,0.06316616252941148,0.9169901772625513,-1.788347694710069
0.4079746036124143,0.20524453112736352,0.8290134272623534,0.6122182586420877,0.5411673297638436,-0.24706115386302363,-0.1118889351205391
1.0,0.8592345274795092,1.0,1.0,1.0,1.0,-9.72833766906673
0.6363960956157413,1.0,0.40265642039505267,-0.0008791669907848298,-1.0,-1.0,3.405461134680146
1.0,-0.7067693054658384,0.0031659319975692046,0.35882230773959667,-1.0,0.6445715691724399,4.630658233114687
0.3709660996669694,0.5234391462071358,-0.6690571431526237,-0.44365996887178827,0.20264374831764503,0.9808713941438695,4.968691875305448
-1.0,-0.8878819493878385,-0.07553255355390442,-1.0,0.2710016529486232,-0.9906613913965351,5.7165490802701155
0.6902504696052806,0.9694341912902101,-0.6214818091818265,0.4814199212927466,-1.0,-0.06321085256512002,3.291668382479928
-0.898216294426139,0.5954193465495278,0.7861490619317865,1.0,0.8695269672644119,0.014597118045639457,-3.0430808528672513
0.6100352030668085,0.06794790439565834,0.7645753344039243,0.009323098677694652,-0.7896988291392808,-1.0,4.652271351285563
-0.6983390404563364,-0.5246498241262567,-1.0,0.09205284916894219,1.0,1.0,7.906640942091953
-0.9384473051170936,-1.0,-1.0,-1.0,1.0,-0.22467747753079292,-6.488209740476327
0.2447996276396402,0.9487563015328029,-0.7345157679816092,-0.8485991952835755,0.6829006648816445,0.8474919091461122,7.210954985248024
-1.0,-0.0017010901299767678,-0.7766621694911426,-0.3415373101210437,1.0,1.0,8.84619455923521
-1.0,-0.2986344305044688,-1.0,-1.0,-1.0,-1.0,2.259738360362803
0.40380913372118543,-0.07173538264390492,0.9739988824754732,0.5095823666536182,-1.0,0.0773048490569832,0.6507288654071537
0.4145197582575504,-0.8823674109163722,-1.0,-0.19648864390752396,-1.0,-0.9374376953993135,2.8544506424628957
0.37696445383388116,0.36908131249851517,-0.545299889241673,1.0,-1.0,-0.5188961919313007,1.4135843090103664
0.3219371133142912,-0.7606218916641894,-1.0,-1.0,-0.6624473354146984,-0.4407902830131046,2.216957215118479
1.0,0.05283510348060605,1.0,0.03551490385617195,0.3074158679651898,0.44919840598212,-1.569685562125211
1.0,0.902973323666495,1.0,1.0,-1.0,-0.6688856502894533,7.083392310087751
1.0,0.22535492119057543,1.0,0.9606230335369352,-0.8546587022808776,0.09318271434486512,2.6810793881927544
0.5277607465419998,0.2858053144917751,-0.4503344879300942,0.2905431532065582,0.8761365869113664,0.5652833745605418,-0.38759830022347747
-1.0,0.29074962141100447,-0.6480868944095425,-0.2741555038681648,0.3136308147585175,0.13331827687575054,0.7979693937109916
0.7925455904633971,0.4812580586050177,1.0,1.0,0.934282874876794,-1.0,-3.5106559214369444
-1.0,-0.6803130748423099,-1.0,-1.0,0.9212593583514685,-0.02853571254731535,-1.9951566059987098
-0.027259631284450192,1.0,0.6290143805368635,0.4906343931079763,-0.4451835457218197,1.0,0.3649643418860089
0.42408058578579616,0.1562434073261736,-0.13406996068591107,-0.003473951645496784,0.6101721476684087,0.16049930607567056,-1.0757961865617067
-1.0,0.2748737728000312,-0.9153109192781552,0.09325752542364052,-0.06666136648435228,-1.0,6.190114959334257
0.9703182805023085,0.003476375553158273,0.6807918505814808,1.0,0.8075566252785931,1.0,-1.319331537407975
1.0,0.7244771285451175,0.5271907621300924,1.0,-0.5428932285150645,-0.6935785635353009,5.149547145630565
-1.0,-0.12228250234178023,-1.0,-0.910257197240784,0.6612070347029476,-0.5983449207518761,1.4797521149281019
0.5444947630479845,1.0,1.0,-0.5428077997186349,1.0,1.0,-2.1137899770045534
-0.3757631402430603,1.0,1.0,0.8982741780012722,-1.0,-0.22534757570409625,-3.1147551501670003
0.17752817069668175,1.0,0.3420190055921012,-0.46302449888313535,0.014546790647439776,-0.7406863880184675,-0.9014610612684071
0.12662031609405125,-0.614523246234451,-1.0,0.012025842058206782,-1.0,-1.0,1.6962002876330389
1.0,0.010975137800225632,0.2596092869694169,0.9958620166865988,-0.7326556143595555,-0.14782395327969766,1.6234684484382598
1.0,1.0,0.5293629595700047,1.0,1.0,0.9709952490918122,-3.6075680671280175
-0.3033146138776795,-1.0,-0.38703029564833324,1.0,1.0,1.0,4.306832873268807
-0.7151178974381847,0.030954044219531185,0.3386455695032682,1.0,-1.0,-0.5648601025070081,-0.012485897057831263
0.37210416685585945,-0.6026418173176159,0.2891881839080166,0.6790363834558182,1.0,0.010651466815821076,-0.5706397200114639
-1.0,-1.0,-0.7947918006161188,-0.2257315662119611,-1.0,-1.0,0.9556354423787279
0.2481742181788052,-1.0,-0.1917536992398421,-0.3778153663940584,-1.0,-0.43311396085533466,3.690949824758666
-1.0,-0.3706716307874873,-0.08721623328402496,-0.8220650095216193,0.09299378736199782,-0.5316818567843877,3.2095808336439995
-0.5078216485389526,-1.0,-0.32875594414641474,-1.0,0.30814747789508834,0.2532449562877105,-2.3126845493873955
-0.08491361319958415,-0.2625913633488047,0.9250081654875604,0.4626942074117565,0.5147595106509506,-1.0,2.4273805272550324
0.7744076955335624,0.9348919589902487,-0.4241438695255839,0.19499783419194006,-1.0,-1.0,4.661607553131071
0.39211304240843714,-0.872081036079187,0.8565698059070423,-1.0,0.2581290021485218,0.15510495004172614,-1.0197171746956784
0.22396286526903353,1.0,0.6607977795271134,1.0,-0.9825130420814434,0.5571438725093417,-0.17879292186589285
-0.18246709054010868,-1.0,-1.0,-0.06128115332400186,0.16038803465871831,0.10911552098068977,-1.6481759133486467
-0.45227339815762335,1.0,1.0,-0.31842876307841916,1.0,0.24618260082636634,-1.480514529585886
0.4000613977069719,0.6004052602935774,-0.22234921033299337,0.5069638259470971,-0.13664821824152118,0.144904082464826,-0.42899843012792416
-0.03299657119290522,-0.9314467902671593,-0.41205676896358967,-1.0,-1.0,-0.17375673270537212,4.920426653285461
-0.8826887324221921,-1.0,-0.7570232575082667,-1.0,0.6206116652701603,0.9376309423604111,-1.9445117615864642
-0.6439772401484195,-1.0,0.0654493412012016,0.9015226244243673,-0.21051167564978746,-0.30262811071344764,0.699787778632989
0.9937995192571167,-0.09196546556700258,-1.0,0.22794272857285894,-0.9535173756484094,-1.0,6.288268046078054
0.5939821277241883,-0.9225423056809933,0.5708703739530959,0.6783588756613749,0.728341762168979,-0.6641388357483196,0.8371575497523214
0.14202821934161536,0.5943547597916168,-1.0,-0.432445316664706,-0.6862303027299544,-1.0,0.8349919313226959
0.2613558763438881,1.0,0.04156549414504876,1.0,-0.11677099951947484,0.15060051777313876,0.6241915049439418
-0.6197502579136644,-0.5504884614377041,-1.0,-0.46383543772196933,-1.0,-0.5060019313581783,-1.9869812282709591
0.2643029717300186,0.7198593271148483,0.6021879022224274,-0.8966183361837331,-0.5846809357953408,0.9305240669685333,3.524814985960484
0.46857283046344445,-0.7028683038907051,0.5574427899129583,0.7034213664654096,-1.0,-0.7390576093887231,5.326968152328395
-0.029826078300405706,0.31811766961579757,-0.03565369607752919,-0.16358068625279487,-0.12203939961816476,-0.36899002258867014,0.3077467273405404
0.24379579378362506,-0.45823276594389445,0.7013642421571055,0.6460938429853612,0.8087604803262888,0.747323652085268,-0.26902730530677155
0.32583167510415434,1.0,0.3668541920843662,0.5811241052944596,0.9296653265454184,-0.11411787775457649,-1.2420300018191834
-0.060050843198582005,-1.0,-0.37087748160427547,-0.06136610187436453,0.3182072437104595,0.8913126477733353,1.4495483714032393
1.0,1.0,1.0,0.7457709232552354,-0.6583131222044336,-0.6299001555434314,3.2578912174601817
0.7633051550784791,0.7411796752760986,0.036769171362262765,1.0,1.0,0.31509487731245844,-1.7166677743910295
0.3637620492752963,-0.1276968655561882,-0.16286701329466413,-0.8206199984875646,-0.943163331079568,-1.0,3.742151703923273
-0.7649499884305602,-0.07195053141931951,-0.0587390842483172,-1.0,0.0024073230191852257,1.0,1.0875689539098952
0.19201753291727558,-0.9594258003922271,-1.0,-0.6884901752973247,-0.5292251635752572,-0.8271893764210989,1.2204683262709621
-0.4947753425915604,-0.3463381049193921,-0.13518044090353976,-1.0,0.12144595722772722,1.0,1.349466874803259
-0.1128289782593142,-0.005864913728192311,0.02530043641880686,0.6142278550265058,0.849836537953023,-0.6577593389715742,0.9981888315400633
1.0,0.5102206110906709,-0.11190684552654623,0.9478727250401189,-1.0,-0.33406119477353724,4.215836669314203
-0.5466717794294962,0.7806688287389637,0.4695071590262398,1.0,-0.9068819041283978,-0.8738729513136112,1.6323747095574017
-1.0,-0.4058701637263263,-1.0,-0.20423293696753608,1.0,1.0,6.604149210347564
0.511202919019784,1.0,0.8510487631770087,-0.15160797897225142,1.0,-1.0,-2.567516128747455
-1.0,1.0,0.16030696432220998,0.6591689647438436,-1.0,0.8790042800623881,-3.4772613779604837
1.0,0.6482069457758806,0.08336057625582072,0.26435691906495706,0.8002750531346657,0.04404539383083894,-1.7461819395379405
0.3285281879795122,-0.25891925525934,-1.0,-0.9859705448179361,1.0,1.0,4.487557052127914
1.0,-0.763436761481537,0.3562715343879007,0.1349614662280227,-0.44669172287155723,-0.253444893983057,2.435190391236336
-0.14708583441959466,0.025870827869993618,-0.08870534154155885,-1.0,0.21110726132727942,-0.630024594372053,1.4442703385856546
0.2791068609508365,0.2341021810505579,-0.27836525421242103,0.9776585665193743,0.03692580028120496,-1.0,3.115870229782843
1.0,0.335251358243167,0.9473904179887238,0.8695214202911489,-0.3931865898377418,-0.23109332211784073,2.643471027503729
-0.9199594029318678,-0.19952615335536095,-0.24187462549794403,-1.0,-0.8409983390007962,-0.05063102863795624,-1.2515373496795623
0.4996652501394122,0.9672483636204442,0.38467574531886684,1.0,-0.3675128140510342,-1.0,6.083634026201864
-0.2670149913332418,0.0110511992311354,0.8200549004419319,-0.07095851439243617,-0.8516102768101482,-0.5398821032382732,0.15761718641472838
0.016114309499591195,0.005390780862376321,-0.4363857252651697,0.07479462416521616,1.0,0.5603923073917794,-0.15979760991914804
-0.23215793068601887,-0.6617734763931585,0.5026648683363945,-0.18639457869515663,-1.0,-0.7164960823048545,2.7592152522732016
1.0,1.0,0.5412258419276337,1.0,-0.6160937639052428,-0.17300718515414393,3.021676023602849
0.5916166108413131,0.1679928610347409,-0.7786990521155834,-0.5232476798054102,0.1842889025474363,0.10092902375501211,-0.8270187147037671
0.43148378853197966,-1.0,-0.936099903602509,-0.7858553365848582,1.0,0.308729640962909,-5.303289495419378
-0.9850251817711557,-0.09619228047986128,-0.39176978004179636,-0.5396057771115097,-0.20552595240621963,-0.5149783013270233,0.48792473565787997
-1.0,0.4410130327155868,0.6456273369297725,-0.5165318489451451,0.23377902717949184,1.0,0.7195980200647072
0.86603968301451,-0.08586571992224423,-0.5623506725021516,-0.7746044362156357,-1.0,-1.0,6.289726552530618
0.4084018391576909,0.4756837378369039,0.542540129200104,1.0,0.11455219912131548,1.0,0.9249700905007303
0.04137790321398649,0.4941656797449936,0.8643733473919535,-0.025379909712186594,-0.07857719796585921,-0.339144419591763,0.20386010073253544
-0.23196663103377355,-0.8141436377607998,0.7594805385007721,-0.062215152288281894,-1.0,0.6401898511023211,-1.2144027709066816
0.29959240829304995,0.1595562145455389,0.4207496740682456,-1.0,-0.652314212342228,-0.6611340794200884,2.4318998383929817
-0.497902853736056,0.010448798898068882,0.4947440194989305,1.0,0.645172540165868,-0.5329169073318776,2.1800958558184607
0.261264170213905,1.0,0.2352609211068203,-0.40123930346977776,0.03460655528936196,0.5174465930239043,1.0752339245873688
-1.0,0.3903755996635611,-0.04412448602625428,-0.5751048864712032,-0.46113589441204555,-1.0,-0.6465306748998557
0.08783043772161148,1.0,0.11495629912330751,1.0,-0.11024155419945803,-0.0484355145270875,-0.3732588855012203
-0.27006154690962664,-0.5983256175894249,0.8779909225175814,1.0,-0.5393847238951037,0.003759660053451533,-1.7577240896756565
1.0,0.6332795407183549,-0.31637768508491854,-0.016890982269402888,-0.45889998038012325,-0.8243521398180709,3.6011950859984063
0.16112536802033517,-0.5999893783740364,-0.6035839314747268,0.06252002447511379,-1.0,-1.0,1.978382675309015
-0.21637074392344147,0.8055818186127157,0.9755395540252713,-0.056195726253010614,0.5165919948195721,-1.0,0.8891609005802231
-1.0,1.0,-1.0,0.20806737277937168,-0.40178939576502726,1.0,11.589105592655267
-1.0,-0.057865525657822214,-0.17410982864365965,-1.0,-1.0,0.8263578284428964,0.5172591253805623
0.6628048855359688,0.30065824346719017,0.4835070322509891,-0.6199217634145394,-0.9749103689328025,-1.0,4.842617343880392
-0.2120864808385614,-0.8425262066183512,0.09041294659027377,-0.3753356580751372,1.0,1.0,2.4593206546768966
-0.2620136323506295,-0.000353923392845068,0.0762747621356534,0.2920777141704526,0.883510873020386,0.1753680552942094,-0.5138471762090556
-0.3404917460098248,0.32990821823587557,-0.899549480981624,-0.31128709845099056,-0.1940297807113236,1.0,8.229860334205442
-0.6052199112428183,-0.48742643749865433,-1.0,0.09706058023548789,-0.22073465505633333,-0.3659522590980492,-0.5330256278778803
-0.39527516057362455,1.0,0.2073908313514653,0.935268657401444,-0.3597604451739682,-0.3136084562542998,0.5577311215084866
-1.0,-0.7049183621412207,-0.18216224399991576,-1.0,0.8837012233597585,-0.09419015388694119,2.4312873230195713
-0.525311614733007,-1.0,-0.8386624438147977,-1.0,-0.4236393666835485,-0.9017053234837381,1.4534055324430373
0.9294017146169464,0.7245876091346554,-0.12621780257103832,-0.5982860280915396,-1.0,0.29318182470563514,4.435357990652365
-0.8072304890211535,-0.22209119556851692,0.0009405695695750456,-0.6375343311402466,0.9091758722396528,1.0,4.870405946938342
0.33319066352688753,1.0,0.03047644092532198,0.05499118081566512,-0.14482243504454062,-0.6263714909334244,1.608753919403755
0.8965418391174338,1.0,1.0,0.908743403208143,1.0,0.23528400054020593,-7.74217188407931
-1.0,-0.7549454311209973,-1.0,-1.0,-0.9051404659434841,-1.0,4.287414832400877
-1.0,-0.05837131149005592,-1.0,-0.6426809318810385,-1.0,-0.11419132442926956,-3.027846016866588
0.32468447767260855,0.9548886742857383,0.6942268404288578,1.0,0.07958536893672583,1.0,-1.1099851151646325
0.14457730205873554,1.0,0.24943960908251528,0.13865386525104945,0.2358024954164317,-0.731083470917775,0.46968228337141193
-0.17939583398368653,-1.0,0.4638444060315808,0.044560778082860075,-0.20387786866119417,-1.0,5.903157679557231
-0.8913436503003733,0.07877039534642238,-1.0,-0.6229454747125602,0.6523124617502639,-0.36732797036874176,0.61835668697861
1.0,0.15499703320951475,0.9832584817781191,1.0,-1.0,0.47718075899798795,2.516153195350478
-0.9058744893344995,-1.0,-0.15812034868162905,-0.676616488901757,-0.5226158380079747,1.0,-2.6999643529200728
0.10286794926957021,-0.9572067789723585,-0.1627709489447809,-1.0,1.0,0.7241492762301855,-0.9781441996042328
1.0,0.5696440309645214,0.7537161034866707,1.0,-0.1481701860148974,0.8353042643168125,-0.7622495411729062
1.0,-0.6643352258431185,1.0,0.7310836824751892,-0.853703333629378,-0.22073384500126908,7.119106916996402
-0.8077662881623522,-1.0,-0.8192864789948013,-1.0,-0.29834494008926205,0.264211192573554,-4.695841560670507
1.0,-0.5969017997566035,1.0,-0.5060655261558458,0.0555751342331271,-0.49091829442471857,2.815306895894925
-1.0,-1.0,-0.8082181521688008,-0.8914111294506144,-0.8252007864788105,-1.0,3.2411112869977177
-0.48257383235759915,-0.2600531816183229,0.15013263144240835,1.0,-0.34031136531413964,1.0,1.5463425436132492
0.7614314322654727,-0.5783123547873597,1.0,0.5482877016935077,0.3303123795585978,0.46394974510247033,-1.4942017316730516
-0.9589506262426627,0.3888234264325962,0.3826541969074607,1.0,0.5401726158719983,-0.9875428844964229,3.0174740863078653
-0.5880761805314378,-0.3197827776697462,-0.3240208315957903,-1.0,-0.11981779686403377,-0.23585369461312006,-0.1989506303598939
0.7787987710341207,-0.8676109744386271,-0.7509859199605131,-0.43246315135900065,0.44960713255949697,0.4652579432452367,-2.4263977191526105
0.27905788945612925,0.4913983340994921,0.9219551761676691,0.7222246737766563,-0.6947187656949384,-0.8955941244509266,2.869498180605734
0.2276789226894621,-0.8860869450549944,0.09485509762737154,-1.0,0.09346998214316282,1.0,-0.15205370706936355
-1.0,-0.09816490734925587,-0.1645044092291016,-0.9482190261890857,0.7041344716011437,1.0,3.5005075948449935
-0.6489164228187551,0.7036255634924985,0.7180817644788432,-0.8564882958239619,-1.0,-1.0,-3.08937505038269
-0.9921035932279019,-0.5713213450927213,-0.6489579382782635,-0.2948634176357964,-1.0,-0.14692442809572584,-2.606326065516898
-1.0,-0.4285288191894664,-0.05687817229840303,-0.9020817453635107,-1.0,-1.0,0.767812664023611
-1.0,-0.2733167457291139,-1.0,-1.0,0.3157601334632757,1.0,4.576509140931819
1.0,0.29534175448862166,1.0,1.0,0.9721356483507004,0.6786425034659027,-6.467601027123708
1.0,0.6349751113566828,1.0,0.2974219468184516,-0.5356250143236454,-0.6373055997167619,4.24601562169624
-0.8258366129713105,-0.618490351369561,-0.5281942405063537,-0.8568240235044425,1.0,-0.9553993284577349,6.937069280735554
0.4513114062511502,0.6284053600368547,0.42312351740894594,-0.9088868714381269,1.0,1.0,3.780240638367653
0.7436088541512501,0.9416080825658337,0.9130496679445603,1.0,1.0,0.17813655414568585,-7.106385998697019
1.0,0.9957199299100283,1.0,0.6286410513869709,-0.9746057213449989,1.0,1.8391646586629933
0.4222982088243029,1.0,0.14476256203611698,-0.4374088534090038,0.8206471726895492,0.4827300527284754,1.2776284333733083
-0.2568158434127714,-0.4710224937470664,-1.0,-0.9800505623283404,-0.8160323204861719,-0.5818690664141744,-0.45862159833190475
-0.7293291111803508,-1.0,-0.684371900664882,0.06980648206454598,-1.0,-1.0,0.09110160294342123
0.515473317006035,1.0,1.0,1.0,1.0,-0.7221436571788585,-6.1975054196851955
-0.2777304871459793,-0.08429501894682603,-1.0,0.8519510582671339,-1.0,0.0644568081085109,-2.280509400381188
-0.5045283061827679,-0.8946093988286954,-0.03934226470456159,-1.0,-0.5518258237801392,-1.0,4.83616361974553
-1.0,-0.1999834846916746,-1.0,-1.0,0.886885956591738,-0.30535468434403656,-0.6453298068315801
0.34185461660371186,-1.0,-0.1580996709106533,-0.7117814189090237,-1.0,-1.0,9.544722604223455
-0.3283448794899345,0.30938695695059637,-0.7282647151321127,-0.0016025322232895434,0.31202892315309927,0.10330253386800292,0.7987022184734245
1.0,0.14828973523124533,0.03672512240614867,-0.37452383464932426,0.3589753204368833,1.0,1.0341611770640506
-0.30712575994883995,-1.0,0.740510336412807,-1.0,0.129786856038817,0.7729813790041535,-2.2226448465565567
-1.0,-1.0,-0.7269657010864221,-0.31645702379779084,0.1977793906462505,0.27901739713810525,-3.1753692989476274
-1.0,-0.5067210830595595,-0.9951574900324769,0.6993377925385894,0.25106767776763383,0.2050473507955128,-2.556568616687681
0.7937261169395048,-0.32548203079128013,1.0,0.45562192715915595,-0.4092053748646763,0.17226075646829475,-0.22698300930741167
-1.0,-0.6260839259406489,-0.7199836787478264,0.8157511672961851,-1.0,-1.0,-0.8531541369620586
0.08020434324250025,0.030449409126931948,1.0,0.04752305039073271,0.6985020562386979,1.0,-2.1311404469923225
0.021697710585526053,-1.0,0.21342127468819572,-0.07833630190870178,-0.5351912792102995,-0.09973964251341183,0.6749676344098099
0.969626075112477,0.391394727141789,0.4051297813244008,-0.5335516328708404,-1.0,0.5718228667163949,4.496305667148547
0.54179150597777,0.20026086844799462,1.0,1.0,-0.9627113719606467,0.4472364743303484,-0.8878175580062986
-0.33759926472298774,0.10056621640119832,-0.3006539099778222,-0.141427416391476,1.0,-1.0,1.0867021343469567
1.0,0.08178819751170202,-0.28268437292553134,0.20069856945447806,-0.3618335926433114,-0.5154415972540731,2.4205614991151494
-0.019216262087722313,0.6497057026458568,0.09072842779059459,0.025530947151324895,-0.6422661515307646,-1.0,2.1631671075776087
-1.0,-1.0,0.5726151653779558,-0.26447239431091923,-0.24449584062818697,-1.0,6.434841768547405
0.4017640469964974,1.0,-0.4773341149999265,0.7099232545735593,1.0,-0.6664616984578022,0.8610474622907565
-1.0,-1.0,-0.5396253691959987,-1.0,0.33626684871521384,-1.0,5.686669931196572
0.8687992166370822,1.0,1.0,1.0,1.0,0.14403771598881665,-7.6794653874235665
-1.0,-0.49645237108000606,-1.0,0.37473720498704155,-0.9950965415167665,-1.0,0.9580791827913813
0.6861784528805087,-0.21251032023207617,0.6209693593347222,-0.30198693665069565,0.5862466335213923,1.0,-0.79880481879519
-0.967179416071705,0.2721974750530902,-0.6989646070411553,-0.41776051116402024,-1.0,-0.12690444537447476,-2.8425659910761127
0.5274602232186589,0.602621826709929,0.8378696449485887,-0.6110372637780628,0.9107431511395154,0.7128951731916422,-0.4310348792740353
-1.0,-0.24205158707877272,-1.0,-1.0,0.6675362017715699,-0.86969196282174,3.9192968066139753
1.0,1.0,1.0,0.2676268214451858,0.050452936916779656,-0.7461381741706835,-0.6772719222269394
-1.0,-0.6387518682005593,-1.0,-0.5646316738421238,0.8435717201702091,0.20090940586757414,-3.0561914877098437
0.5477464686649886,1.0,-0.5490516328745292,1.0,1.0,1.0,3.764136235684335
0.20221903776724837,-0.06469371561628237,1.0,-0.13841127851207113,-0.1066151167443079,-0.988093308003036,2.626894020789013
0.8723158146933089,-0.7515353167581382,0.707651099013014,1.0,-0.7933782768363333,1.0,6.305774742399866
-1.0,-0.44104225536644304,-0.5358556299529369,-0.4086100868853156,1.0,-0.3613082737488338,2.2561714594335114
-0.6556930037980997,-0.21729738507799143,-1.0,-1.0,1.0,0.2559331426898568,0.7812278886096726
-0.6843376556452161,0.22741244085619877,-1.0,0.41687581355072645,0.17331761239237342,1.0,8.385963022148509
0.8749988812078583,-0.5419979325300461,0.021132720670707983,-0.8979631228583356,0.07379968623946276,0.05827663264522831,-0.9565048309895461
-1.0,-0.13434294605912034,1.0,-0.4624358100027512,0.3414216568254485,0.1390045773675288,-1.2095219372458421
0.7795730211872338,-0.047846214945248045,1.0,0.7836613274979257,1.0,1.0,-4.366056839777787
0.04683420140314304,0.6696151669318341,1.0,-0.9741185378212939,-0.050941473430550346,1.0,-0.46178803236937604
-1.0,-0.6239793257018353,-1.0,-1.0,-0.5606429799006221,-1.0,5.0623021164252915
0.0708897544629028,-0.8772808415364298,-0.18097027898870277,0.21466833135106778,0.5017135493961501,1.0,2.6550595704656956
-0.10898880122857563,-1.0,1.0,-1.0,1.0,1.0,-5.155231593121304
0.11000405593243566,0.14901807858498106,-1.0,-1.0,0.5662162855646882,1.0,5.368121267970985
0.22624744744438197,-0.9186054896207189,0.3966388844316302,-1.0,-0.7562865845377589,-1.0,9.580766848362952
0.21588689672704264,0.4696238080360843,-0.21639637726260771,-0.9015468852495884,0.429843394073287,0.5825881603316192,2.315033062026845
0.8738710351142288,1.0,0.5145187775330282,0.3114998675920613,0.2770065985479599,-1.0,1.5900435650927696
0.6530922978874621,1.0,0.28883675821887556,1.0,0.7523212372732382,1.0,0.37775434029425203
0.7052716830778725,0.21653581068193084,0.42069890444571334,1.0,-0.395806799503495,-0.9503193457557454,5.215722431103218
-0.37085982575224,-0.5068719475153897,-0.15270681715677073,-0.5928430021282116,-0.5214405651533429,-0.7269872559532168,-0.02433624741532059
-0.7471742963460217,-1.0,-0.10679775989082338,-0.9270305905922822,0.131539119472177,1.0,-1.8790994509170356
-1.0,-1.0,0.4417713185186918,0.560401480810544,0.4478377355771248,1.0,2.4004661865193015
0.8602946278121157,0.010284705449130849,1.0,0.6552253225778049,0.6184922407927953,-0.26807496387668084,-2.124658495703323
0.13028097961769947,-0.35372341129273377,-0.22174736726424965,0.2347083214094451,0.9088809937180752,0.7847483541038898,1.2972281404879014
0.38114606710092114,-0.9950655692949201,0.5663691942751872,-0.9747476308360007,-0.25499859089966725,-0.2816350781059955,3.582013580935857
0.35822747043192804,-0.44711675487324354,0.1486649280881288,-1.0,-0.40241063024255386,1.0,2.8996474602784432
1.0,0.6440980480191492,1.0,1.0,-0.5632233944606558,1.0,-0.12847428091291876
-0.8132657285317799,-1.0,-0.553244353461902,-1.0,-0.07311222911520998,-1.0,4.529714195505093
-1.0,-1.0,-0.4953202170175578,-0.3005629135951342,0.7206704725640245,0.5630461269949463,-0.30063325377470773
-0.28726946690918187,0.16952055655678355,-1.0,0.552846527049457,-0.19272153736993125,0.6725950239496186,2.8065255595151024
0.6922640869022337,1.0,-0.634934917344106,0.43842508152152765,0.8077136284012946,-0.049194288075428805,-0.15588545914431481
0.8432885240607406,-0.2109257842441845,0.708292670988174,-0.43244627794404206,1.0,-0.16974791779387088,-2.269089374687648
-0.5877994576898934,-0.28385761971705903,-1.0,0.37854620434615605,-0.5718095068485527,-0.43948751698183297,-1.1769327440537567
0.5086848325974289,0.15156603679346348,0.580109875316565,0.0928623907928865,-0.17422283728916543,0.45622570921794814,0.5511426360826701
-1.0,-1.0,0.4913663738903238,0.3750141493362387,1.0,1.0,4.213317701668254
-1.0,-1.0,-0.43212457285937766,-0.5322118287849267,-0.7875740026600648,-0.6272265126004375,0.7466414038282874
0.5189202701284467,0.31498952402358016,-0.5195320939815905,0.932170347991495,-0.020469722183285743,0.38993223681646705,0.14377854504067464
0.6121829616069616,-0.7312095517026578,-1.0,-0.45409527333342714,-0.04325234662719801,-0.7104430043837306,1.6462510219606838
-1.0,0.25469187091572204,0.05656471969034327,-1.0,1.0,0.08132526668132298,5.347446252975338
-1.0,-0.45271479977504137,-1.0,-0.24497670272970284,0.2881236285216223,0.8137828202803408,4.0382167416727475
1.0,0.09778965466681688,0.13286547364248397,0.3056223210018945,1.0,0.5220775012363026,-1.9676538112761355
1.0,1.0,1.0,1.0,-0.3094106906070431,0.4188138265719702,-0.9182316181550849
0.15884554252820837,-0.9242589150392414,0.6279878140432608,1.0,0.47834327017628403,0.24596454141322877,0.8833204424505432
-1.0,-0.4860613644041325,-0.7620822277598385,-1.0,1.0,0.9853341390047063,4.795860971723246
-0.5500712882960312,-0.6576226957122848,-1.0,-0.2647062186658844,-0.21864027890973436,0.13728583852252327,-0.4228836634742077
-0.7890222728933726,-0.8170095603671024,-0.760132416651552,-0.007771986857291746,-1.0,-0.9988125309817203,-0.07264609201493191
1.0,0.3011046745632473,0.07810536114722688,0.9802447768754605,-0.861751156891561,-1.0,8.479334544075444
-0.048563167836594534,-0.9336137675065638,-1.0,-0.5395836616847215,-0.9477691384712879,0.467669722031997,-0.18716911357962107
-0.10866620787991216,-1.0,-0.24032395147346308,-0.10716736791000982,0.6654549284338354,1.0,2.88688059962631
0.4673078961831029,-0.6611755960004483,-0.5476668669501079,0.30723000889412033,0.5543713186420753,0.9183845207236064,2.789048881539143
0.944146817079029,-0.017835487730532285,0.2303834907886736,1.0,0.29753277011797064,1.0,1.9326445514861677
0.7334071601403649,0.12167946833304422,-0.09382051309108802,-0.34193321576814784,-1.0,-1.0,4.772518915066209
0.7632503362422236,1.0,0.49805384343459896,0.3544064633485646,1.0,-0.3394509171842617,-1.5817227498460484
-0.5770402176985486,1.0,-1.0,-0.8578677249010667,0.7033205791319701,1.0,13.887263183340757
-0.961740018315064,-0.2154569909312033,-0.12492444872485844,1.0,0.2119561460552184,0.7760338381689156,0.8398663959801125
1.0,-0.14154792522559617,-0.2899461593646123,-0.1567372686982087,-1.0,-0.5528116134815072,4.535479571608439
-0.5164544300235325,0.5897331648704683,0.4837534914302116,0.08747909408655263,-1.0,-0.42097683167863165,-1.9356368335515586
0.48393868103025817,1.0,1.0,0.6936003110474434,0.7101897008433871,0.5187894564896877,-6.723724293552518
0.14689012617883035,0.7847506080901414,0.3763242239674738,-0.48064889195022464,0.18318403505838177,-0.4825955163098931,-0.225353344692172
0.994027125724666,1.0,1.0,0.5699973802244924,0.12321004981954964,-0.19784617749491396,-2.277674342061516
-0.05209116858020657,0.920477828856787,-0.5963489060329286,-1.0,0.02918461855488519,0.7790478390033708,4.850875304786126
0.1846594873715538,-0.17604455688676324,-0.1847935789533467,-1.0,0.32451298871128065,0.053971701131101835,-0.8363958392043133
0.05100448484566633,0.07996103909582142,0.0012024871047149333,0.4357234245811683,-0.5561375877826849,1.0,3.104649731251291
0.8843049953869391,0.9455538353213376,-0.8744921049971595,0.6129676403782514,-0.26854415809342724,-0.06217568061905432,3.2485198719147137
-1.0,-0.6225435801574076,-0.9926623832343549,0.1290517041358265,-1.0,0.2761976670952198,-4.345424328644915
0.6040277453969007,0.6024545658589864,0.09849217161104928,1.0,-0.3220668555963555,-0.955770229685537,6.392958340112349
-0.1992057563780789,-0.2275250188537019,-0.8118264335053177,-0.27829398799258365,1.0,0.9174334813343344,4.8870262659852655
0.7981911510636177,-0.6190925258769446,-0.9206905613208874,-0.47564206763288097,0.051179058926798526,1.0,2.6971573737082863
0.4342178775743859,-0.8777015455435352,0.8889236508354786,-1.0,-0.3464394892882848,0.05518030118405515,2.216281194870396
0.1568839420885193,0.21714186284345682,-0.012158457971781389,0.4141756744220456,0.2878975634400738,-0.5551704403492008,1.0325869953069113
-1.0,-1.0,-1.0,-1.0,-0.518816808705713,-0.28421831162654343,-5.5418234465179825
-0.3130764288834442,0.00015963909642474627,0.4001887126042986,0.5450335425281279,0.11817473366199249,1.0,1.7156312000806617
0.1194389383150003,1.0,0.7541853052001248,-0.39573136718240803,-0.5140674346126524,-0.0617745046325171,-2.6474574856916115
-1.0,-0.5013486798317195,-1.0,-1.0,-0.24559609519572712,0.14271237216733756,-3.479515408722471
0.26817894618771965,-1.0,-1.0,-1.0,-0.8448139038614847,-1.0,6.519009757571943
-1.0,-1.0,-0.021813841645727527,0.7163286188968482,0.03534495123786574,0.5846734459332371,-1.029693077309832
0.7294902684565572,0.289645755638801,0.12253454691991339,0.6512272823543022,1.0,0.26306037030605145,-2.4124654021077934
0.6466615228843137,0.3727161116787362,-0.977132539838836,-0.12490159385602106,-0.27447830715935095,-0.3660419954134392,0.6400385315947912
-1.0,-0.119812804267585,-0.06504657171011918,-1.0,1.0,-1.0,8.68061095740233
0.1353229234692257,1.0,1.0,1.0,0.3318907592506129,-0.6725774847167704,-3.1989818998220834
0.11987664988522406,-1.0,-0.06837912581812222,-0.07105361133528854,0.212610891510152,-0.8626327087348618,2.8376987651803467
-0.3907607559119899,-1.0,1.0,-0.9614706002021127,0.227908933827089,-0.041251674127114724,1.081869940322987
-0.5428280767695828,-0.7929132028975698,-0.14787018439454802,-1.0,-0.478659916026031,-0.7782552670379106,3.6364441597274006
1.0,0.705685459935358,0.12774161361866054,1.0,0.9215903141306827,0.7044257937088679,-1.055969354716793
-1.0,-1.0,-1.0,-1.0,1.0,0.14149100412613197,-7.760799265656575
-0.8743106568375001,-1.0,-1.0,-1.0,0.5350018924838031,1.0,-2.0238205933272857
-0.059796575047150635,-0.8088761323324168,-0.9753156494699919,-1.0,-0.4811369151335979,-0.1913510815562971,-2.3755335318577204
-1.0,-0.24406260854481387,0.5414543796092011,-0.1128362413319457,0.19510118329931297,0.005114750003147608,-0.07220226764089033
1.0,1.0,1.0,1.0,-0.5405500972490563,-1.0,6.300973345280641
-1.0,-1.0,-0.10961137477088378,-1.0,1.0,0.48822758981766545,2.499322104466906
0.977539272614286,1.0,0.17138826605111612,1.0,1.0,1.0,-0.579906100347033
-0.6682555404964579,1.0,-0.2549105916692549,-0.08690432957626615,-1.0,-0.814247958156737,-0.9906575711016676
0.6261315805493817,0.02422193001502404,0.7814891700287458,0.21722803147422853,1.0,1.0,-1.1761115769533934
-0.6021324640599407,-0.2193259783567848,-0.10865915374016794,0.2486586485639361,0.0020663542814729485,0.7623734324394007,0.7363627178930716
0.34238936393271224,-1.0,-0.22212269343614666,-0.14274419449708886,-1.0,-1.0,5.387450537804311
0.8470553539510199,0.016489854400232984,-0.30404522569849296,-0.5547833612196698,0.5165819723487013,1.0,1.399753962407432
0.9012644549046596,-0.2796888665631961,-0.42515388902536366,-1.0,-1.0,-0.5028563638032262,6.034991099131226
0.0697909992863035,0.21010513937733788,-0.2749131249319508,0.22627369048632762,0.6999881017473861,-0.46840879086212633,-0.17372523882832436
-0.7353021030726419,0.5336463865867878,-0.5693210884427031,0.6085912082839293,0.25713803087759257,1.0,5.0648563644277775
-1.0,-1.0,-0.700989879241845,-1.0,0.3759558146568148,0.775328043258872,-3.6668696494149295
0.7921333834083122,0.9400561207972125,0.23804536761773187,0.11673173865132758,0.5538338286783275,0.15790189437657975,-0.18883380102949388
0.050349930804500564,0.9281050142528904,0.23572732594614387,0.46650894355783645,-1.0,0.9184225707774648,3.6648574655539905
-0.5264434619160389,-0.3840589681138914,0.295322486018538,0.4690923963739534,-0.2530642012628305,0.08751654731208225,-0.06495974229710044
1.0,1.0,1.0,0.5302365866690534,0.15582171050481253,-0.19032774129538046,-1.9977182782019671
-0.6345942510244325,0.2159179774780846,-0.17017759561540402,-0.1108417719693493,-0.00501396496444384,-1.0,2.9022195212674897
1.0,0.7889575732995051,0.24267458533424946,1.0,-1.0,-0.15713584816165627,4.451138892531557
